UCPIBQDI0QM,AN_WILTY_EP15_truth1,126,131
UCPIBQDI0QM,AN_WILTY_EP15_truth2,145,152
UCPIBQDI0QM,AN_WILTY_EP15_truth3,350,355
UCPIBQDI0QM,AN_WILTY_EP15_lie4,423,426
UCPIBQDI0QM,AN_WILTY_EP15_lie5,452,456
UCPIBQDI0QM,AN_WILTY_EP15_truth6,538,544
UCPIBQDI0QM,AN_WILTY_EP15_truth7,588,591
UCPIBQDI0QM,AN_WILTY_EP15_truth8,1024,1028
UCPIBQDI0QM,AN_WILTY_EP15_truth9,1064,1067
UCPIBQDI0QM,AN_WILTY_EP15_lie10,1097,1100
UCPIBQDI0QM,AN_WILTY_EP15_lie11,1110,1113
UCPIBQDI0QM,AN_WILTY_EP15_lie12,1121,1125
UCPIBQDI0QM,AN_WILTY_EP15_lie13,1129,1133
UCPIBQDI0QM,AN_WILTY_EP15_lie14,1141,1147
UCPIBQDI0QM,AN_WILTY_EP15_lie15,1162,1166
UCPIBQDI0QM,AN_WILTY_EP15_lie16,1169,1174
UCPIBQDI0QM,AN_WILTY_EP15_lie17,1188,1193
UCPIBQDI0QM,AN_WILTY_EP15_lie18,1418,1422
UCPIBQDI0QM,AN_WILTY_EP15_lie19,1424,1427
UCPIBQDI0QM,AN_WILTY_EP15_truth20,86,91
UCPIBQDI0QM,AN_WILTY_EP15_truth21,95,99
UCPIBQDI0QM,AN_WILTY_EP15_truth22,104,107
UCPIBQDI0QM,AN_WILTY_EP15_truth23,134,143
UCPIBQDI0QM,AN_WILTY_EP15_truth24,148,157
hhSNKJ_lcNU,AN_WILTY_EP16_lie1,124,127
hhSNKJ_lcNU,AN_WILTY_EP16_lie2,141,147
hhSNKJ_lcNU,AN_WILTY_EP16_lie3,162,166
hhSNKJ_lcNU,AN_WILTY_EP16_lie4,170,174
hhSNKJ_lcNU,AN_WILTY_EP16_lie5,181,185
hhSNKJ_lcNU,AN_WILTY_EP16_lie6,191,195
hhSNKJ_lcNU,AN_WILTY_EP16_lie7,213,216
hhSNKJ_lcNU,AN_WILTY_EP16_truth8,329,337
hhSNKJ_lcNU,AN_WILTY_EP16_truth9,355,360
hhSNKJ_lcNU,AN_WILTY_EP16_truth10,364,369
hhSNKJ_lcNU,AN_WILTY_EP16_truth11,374,377
hhSNKJ_lcNU,AN_WILTY_EP16_truth12,531,538
hhSNKJ_lcNU,AN_WILTY_EP16_truth13,547,551
hhSNKJ_lcNU,AN_WILTY_EP16_truth14,580,587
hhSNKJ_lcNU,AN_WILTY_EP16_truth15,590,593
hhSNKJ_lcNU,AN_WILTY_EP16_truth16,957,966
hhSNKJ_lcNU,AN_WILTY_EP16_lie17,971,981
hhSNKJ_lcNU,AN_WILTY_EP16_lie18,1031,1034
hhSNKJ_lcNU,AN_WILTY_EP16_lie19,1272,1276
hhSNKJ_lcNU,AN_WILTY_EP16_lie20,1285,1290
hhSNKJ_lcNU,AN_WILTY_EP16_lie21,1294,1299
hhSNKJ_lcNU,AN_WILTY_EP16_truth22,1398,1405
hhSNKJ_lcNU,AN_WILTY_EP16_truth23,1416,1420
hhSNKJ_lcNU,AN_WILTY_EP16_truth25,75,79
hhSNKJ_lcNU,AN_WILTY_EP16_truth26,119,124
QbthTZVmNYk,AN_WILTY_EP17_lie1,103,108
QbthTZVmNYk,AN_WILTY_EP17_truth2,480,484
QbthTZVmNYk,AN_WILTY_EP17_truth3,513,516
QbthTZVmNYk,AN_WILTY_EP17_truth4,530,533
QbthTZVmNYk,AN_WILTY_EP17_truth5,563,568
QbthTZVmNYk,AN_WILTY_EP17_truth6,589,595
QbthTZVmNYk,AN_WILTY_EP17_truth7,974,977
QbthTZVmNYk,AN_WILTY_EP17_lie8,986,989
QbthTZVmNYk,AN_WILTY_EP17_lie9,993,999
QbthTZVmNYk,AN_WILTY_EP17_truth10,1215,1220
QbthTZVmNYk,AN_WILTY_EP17_truth11,1226,1233
QbthTZVmNYk,AN_WILTY_EP17_truth12,1245,1248
QbthTZVmNYk,AN_WILTY_EP17_lie13,1388,1395
QbthTZVmNYk,AN_WILTY_EP17_lie14,1418,1422
QbthTZVmNYk,AN_WILTY_EP17_lie15,15,19
QbthTZVmNYk,AN_WILTY_EP17_lie16,114,117
QbthTZVmNYk,AN_WILTY_EP17_lie17,120,123
QbthTZVmNYk,AN_WILTY_EP17_lie18,141,145
QbthTZVmNYk,AN_WILTY_EP17_lie19,152,155
DJRLZV4Ec44,AN_WILTY_EP18_truth1,108,113
DJRLZV4Ec44,AN_WILTY_EP18_truth2,129,134
DJRLZV4Ec44,AN_WILTY_EP18_truth3,169,173
DJRLZV4Ec44,AN_WILTY_EP18_truth4,179,186
DJRLZV4Ec44,AN_WILTY_EP18_truth5,197,200
DJRLZV4Ec44,AN_WILTY_EP18_lie6,307,310
DJRLZV4Ec44,AN_WILTY_EP18_lie7,328,332
DJRLZV4Ec44,AN_WILTY_EP18_lie8,339,342
DJRLZV4Ec44,AN_WILTY_EP18_lie9,481,487
DJRLZV4Ec44,AN_WILTY_EP18_lie10,582,588
DJRLZV4Ec44,AN_WILTY_EP18_lie11,926,929
DJRLZV4Ec44,AN_WILTY_EP18_lie12,936,939
DJRLZV4Ec44,AN_WILTY_EP18_truth13,986,989
DJRLZV4Ec44,AN_WILTY_EP18_lie14,1061,1067
DJRLZV4Ec44,AN_WILTY_EP18_lie15,1075,1081
DJRLZV4Ec44,AN_WILTY_EP18_lie16,1091,1094
DJRLZV4Ec44,AN_WILTY_EP18_lie17,1096,1099
DJRLZV4Ec44,AN_WILTY_EP18_lie18,1105,1110
DJRLZV4Ec44,AN_WILTY_EP18_truth19,1199,1203
DJRLZV4Ec44,AN_WILTY_EP18_lie20,1240,1245
DJRLZV4Ec44,AN_WILTY_EP18_lie21,1266,1273
DJRLZV4Ec44,AN_WILTY_EP18_lie22,1286,1290
DJRLZV4Ec44,AN_WILTY_EP18_truth23,1366,1370
ZrnEJ5g4CLU,AN_WILTY_EP19_lie1,131,137
ZrnEJ5g4CLU,AN_WILTY_EP19_lie2,181,188
ZrnEJ5g4CLU,AN_WILTY_EP19_truth3,324,328
ZrnEJ5g4CLU,AN_WILTY_EP19_truth4,333,336
ZrnEJ5g4CLU,AN_WILTY_EP19_truth5,368,376
ZrnEJ5g4CLU,AN_WILTY_EP19_truth6,489,493
ZrnEJ5g4CLU,AN_WILTY_EP19_lie7,577,582
ZrnEJ5g4CLU,AN_WILTY_EP19_lie8,612,617
ZrnEJ5g4CLU,AN_WILTY_EP19_lie9,623,628
ZrnEJ5g4CLU,AN_WILTY_EP19_lie10,646,650
ZrnEJ5g4CLU,AN_WILTY_EP19_lie11,968,972
ZrnEJ5g4CLU,AN_WILTY_EP19_lie12,977,982
ZrnEJ5g4CLU,AN_WILTY_EP19_lie13,1174,1178
ZrnEJ5g4CLU,AN_WILTY_EP19_lie14,1195,1198
ZrnEJ5g4CLU,AN_WILTY_EP19_lie15,1356,1361
ZrnEJ5g4CLU,AN_WILTY_EP19_lie16,1375,1378
ZrnEJ5g4CLU,AN_WILTY_EP19_lie17,1394,1398
ZrnEJ5g4CLU,AN_WILTY_EP19_lie18,1402,1407
ZrnEJ5g4CLU,AN_WILTY_EP19_lie19,40,44
ZrnEJ5g4CLU,AN_WILTY_EP19_truth20,110,116
ZrnEJ5g4CLU,AN_WILTY_EP19_truth21,159,162
VSSCH5LcafA,AN_WILTY_EP20_truth1,115,119
VSSCH5LcafA,AN_WILTY_EP20_truth2,335,338
VSSCH5LcafA,AN_WILTY_EP20_truth3,361,366
VSSCH5LcafA,AN_WILTY_EP20_truth4,407,411
VSSCH5LcafA,AN_WILTY_EP20_lie5,534,537
VSSCH5LcafA,AN_WILTY_EP20_lie6,552,557
VSSCH5LcafA,AN_WILTY_EP20_lie7,593,599
VSSCH5LcafA,AN_WILTY_EP20_lie8,601,605
VSSCH5LcafA,AN_WILTY_EP20_lie9,612,616
VSSCH5LcafA,AN_WILTY_EP20_lie10,1014,1017
VSSCH5LcafA,AN_WILTY_EP20_truth11,1034,1040
VSSCH5LcafA,AN_WILTY_EP20_lie12,1134,1141
VSSCH5LcafA,AN_WILTY_EP20_lie13,1152,1155
VSSCH5LcafA,AN_WILTY_EP20_lie14,35,39
VSSCH5LcafA,AN_WILTY_EP20_lie15,86,95
VSSCH5LcafA,AN_WILTY_EP20_lie16,125,130
K9h744kQGTM,AN_WILTY_EP21_lie1,111,116
K9h744kQGTM,AN_WILTY_EP21_truth2,344,349
K9h744kQGTM,AN_WILTY_EP21_truth3,358,365
K9h744kQGTM,AN_WILTY_EP21_truth4,424,430
K9h744kQGTM,AN_WILTY_EP21_lie5,514,521
K9h744kQGTM,AN_WILTY_EP21_lie6,531,538
K9h744kQGTM,AN_WILTY_EP21_lie7,542,545
K9h744kQGTM,AN_WILTY_EP21_lie8,549,553
K9h744kQGTM,AN_WILTY_EP21_lie9,1039,1042
K9h744kQGTM,AN_WILTY_EP21_lie10,1055,1060
K9h744kQGTM,AN_WILTY_EP21_lie11,1064,1068
K9h744kQGTM,AN_WILTY_EP21_lie12,1192,1196
K9h744kQGTM,AN_WILTY_EP21_lie13,1307,1312
K9h744kQGTM,AN_WILTY_EP21_lie14,1316,1323
K9h744kQGTM,AN_WILTY_EP21_lie15,1332,1337
K9h744kQGTM,AN_WILTY_EP21_lie16,1363,1366
K9h744kQGTM,AN_WILTY_EP21_lie17,1381,1386
K9h744kQGTM,AN_WILTY_EP21_lie18,1416,1420
K9h744kQGTM,AN_WILTY_EP21_truth19,1424,1427
K9h744kQGTM,AN_WILTY_EP21_truth20,10,14
K9h744kQGTM,AN_WILTY_EP21_truth21,20,24
K9h744kQGTM,AN_WILTY_EP21_lie22,96,100
K9h744kQGTM,AN_WILTY_EP21_lie23,124,128
K9h744kQGTM,AN_WILTY_EP21_lie24,190,195
4guAsXvaYfE,AN_WILTY_EP22_truth1,120,125
4guAsXvaYfE,AN_WILTY_EP22_truth2,129,135
4guAsXvaYfE,AN_WILTY_EP22_truth3,151,154
4guAsXvaYfE,AN_WILTY_EP22_truth4,182,185
4guAsXvaYfE,AN_WILTY_EP22_lie5,283,286
4guAsXvaYfE,AN_WILTY_EP22_lie6,294,299
4guAsXvaYfE,AN_WILTY_EP22_lie7,331,334
4guAsXvaYfE,AN_WILTY_EP22_lie8,449,456
4guAsXvaYfE,AN_WILTY_EP22_lie9,490,493
4guAsXvaYfE,AN_WILTY_EP22_lie10,512,517
4guAsXvaYfE,AN_WILTY_EP22_lie11,538,542
4guAsXvaYfE,AN_WILTY_EP22_lie12,569,573
4guAsXvaYfE,AN_WILTY_EP22_truth13,646,652
4guAsXvaYfE,AN_WILTY_EP22_truth14,691,698
4guAsXvaYfE,AN_WILTY_EP22_truth15,728,735
4guAsXvaYfE,AN_WILTY_EP22_lie16,1088,1091
4guAsXvaYfE,AN_WILTY_EP22_lie17,1098,1102
4guAsXvaYfE,AN_WILTY_EP22_truth18,1106,1110
4guAsXvaYfE,AN_WILTY_EP22_truth19,1153,1159
4guAsXvaYfE,AN_WILTY_EP22_truth20,1175,1179
4guAsXvaYfE,AN_WILTY_EP22_lie21,1190,1193
4guAsXvaYfE,AN_WILTY_EP22_lie22,1197,1200
4guAsXvaYfE,AN_WILTY_EP22_lie23,1203,1206
4guAsXvaYfE,AN_WILTY_EP22_lie24,1222,1226
4guAsXvaYfE,AN_WILTY_EP22_lie25,1282,1285
4guAsXvaYfE,AN_WILTY_EP22_lie26,1287,1293
4guAsXvaYfE,AN_WILTY_EP22_lie27,1413,1418
4guAsXvaYfE,AN_WILTY_EP22_lie28,6,14
4guAsXvaYfE,AN_WILTY_EP22_lie29,20,27
4guAsXvaYfE,AN_WILTY_EP22_lie30,131,135
7AYOdlw5Gg4,AN_WILTY_EP23_truth1,112,118
7AYOdlw5Gg4,AN_WILTY_EP23_truth2,185,190
7AYOdlw5Gg4,AN_WILTY_EP23_truth3,203,207
7AYOdlw5Gg4,AN_WILTY_EP23_truth4,219,224
7AYOdlw5Gg4,AN_WILTY_EP23_truth5,229,234
7AYOdlw5Gg4,AN_WILTY_EP23_truth6,329,335
7AYOdlw5Gg4,AN_WILTY_EP23_truth7,347,350
7AYOdlw5Gg4,AN_WILTY_EP23_truth8,354,357
7AYOdlw5Gg4,AN_WILTY_EP23_truth9,360,368
Nj66dXc93U0,AN_WILTY_EP24_lie1,3,6
Nj66dXc93U0,AN_WILTY_EP24_lie2,11,21
Nj66dXc93U0,AN_WILTY_EP24_lie3,23,28
Nj66dXc93U0,AN_WILTY_EP24_lie4,33,39
Nj66dXc93U0,AN_WILTY_EP24_lie5,41,47
Nj66dXc93U0,AN_WILTY_EP24_lie6,96,103
Nj66dXc93U0,AN_WILTY_EP24_lie7,135,142
Nj66dXc93U0,AN_WILTY_EP24_truth8,355,358
Nj66dXc93U0,AN_WILTY_EP24_lie9,363,370
Nj66dXc93U0,AN_WILTY_EP24_lie10,376,382
Nj66dXc93U0,AN_WILTY_EP24_truth11,397,401
Nj66dXc93U0,AN_WILTY_EP24_truth12,477,480
Nj66dXc93U0,AN_WILTY_EP24_lie13,509,513
Nj66dXc93U0,AN_WILTY_EP24_lie14,526,530
Nj66dXc93U0,AN_WILTY_EP24_lie15,556,559
Nj66dXc93U0,AN_WILTY_EP24_lie16,566,576
Nj66dXc93U0,AN_WILTY_EP24_lie17,586,591
Af5tAj0w2Ig,AN_WILTY_EP25_lie1,6,10
Af5tAj0w2Ig,AN_WILTY_EP25_lie2,14,19
Af5tAj0w2Ig,AN_WILTY_EP25_lie3,28,32
Af5tAj0w2Ig,AN_WILTY_EP25_truth4,237,244
Af5tAj0w2Ig,AN_WILTY_EP25_truth5,270,280
Af5tAj0w2Ig,AN_WILTY_EP25_truth6,287,291
Af5tAj0w2Ig,AN_WILTY_EP25_lie7,379,384
Af5tAj0w2Ig,AN_WILTY_EP25_lie8,424,428
Af5tAj0w2Ig,AN_WILTY_EP25_lie9,430,434
Af5tAj0w2Ig,AN_WILTY_EP25_lie10,448,458
Af5tAj0w2Ig,AN_WILTY_EP25_lie11,458,468
ZtLI7s4GvnI,AN_WILTY_EP26_lie1,104,110
ZtLI7s4GvnI,AN_WILTY_EP26_truth2,313,319
ZtLI7s4GvnI,AN_WILTY_EP26_truth3,337,345
ZtLI7s4GvnI,AN_WILTY_EP26_truth4,351,356
ZtLI7s4GvnI,AN_WILTY_EP26_truth5,361,367
ZtLI7s4GvnI,AN_WILTY_EP26_truth6,390,400
ZtLI7s4GvnI,AN_WILTY_EP26_truth7,403,413
ZtLI7s4GvnI,AN_WILTY_EP26_truth8,413,420
ZtLI7s4GvnI,AN_WILTY_EP26_truth9,467,472
ZtLI7s4GvnI,AN_WILTY_EP26_truth10,546,551
ZtLI7s4GvnI,AN_WILTY_EP26_truth11,598,601
ZtLI7s4GvnI,AN_WILTY_EP26_truth12,620,623
ZtLI7s4GvnI,AN_WILTY_EP26_truth13,698,708
ZtLI7s4GvnI,AN_WILTY_EP26_lie14,720,725
ZtLI7s4GvnI,AN_WILTY_EP26_lie15,730,739
ZtLI7s4GvnI,AN_WILTY_EP26_lie16,754,762
ZtLI7s4GvnI,AN_WILTY_EP26_lie17,791,797
ZtLI7s4GvnI,AN_WILTY_EP26_lie18,818,821
8at1JnjYn58,AN_WILTY_EP27_lie1,21,24
8at1JnjYn58,AN_WILTY_EP27_lie2,41,47
8at1JnjYn58,AN_WILTY_EP27_lie3,51,60
8at1JnjYn58,AN_WILTY_EP27_lie4,64,67
8at1JnjYn58,AN_WILTY_EP27_truth5,107,111
8at1JnjYn58,AN_WILTY_EP27_truth6,125,129
8at1JnjYn58,AN_WILTY_EP27_truth7,135,140
8at1JnjYn58,AN_WILTY_EP27_truth8,153,163
8at1JnjYn58,AN_WILTY_EP27_truth9,200,204
8at1JnjYn58,AN_WILTY_EP27_truth10,215,220
8at1JnjYn58,AN_WILTY_EP27_lie11,333,338
8at1JnjYn58,AN_WILTY_EP27_lie12,567,571
8at1JnjYn58,AN_WILTY_EP27_truth13,669,673
8at1JnjYn58,AN_WILTY_EP27_truth14,690,693
8at1JnjYn58,AN_WILTY_EP27_truth15,719,724
8at1JnjYn58,AN_WILTY_EP27_truth16,740,745
nkCdzNDP8CY,AN_WILTY_EP28_lie1,110,113
nkCdzNDP8CY,AN_WILTY_EP28_lie2,124,134
nkCdzNDP8CY,AN_WILTY_EP28_lie3,134,138
nkCdzNDP8CY,AN_WILTY_EP28_lie4,150,155
nkCdzNDP8CY,AN_WILTY_EP28_lie5,160,163
nkCdzNDP8CY,AN_WILTY_EP28_lie6,168,175
nkCdzNDP8CY,AN_WILTY_EP28_truth7,255,263
nkCdzNDP8CY,AN_WILTY_EP28_truth8,355,361
nkCdzNDP8CY,AN_WILTY_EP28_truth9,392,397
nkCdzNDP8CY,AN_WILTY_EP28_truth10,404,409
nkCdzNDP8CY,AN_WILTY_EP28_truth11,464,467
nkCdzNDP8CY,AN_WILTY_EP28_truth12,486,491
nkCdzNDP8CY,AN_WILTY_EP28_truth13,591,594
nkCdzNDP8CY,AN_WILTY_EP28_truth14,626,631
nkCdzNDP8CY,AN_WILTY_EP28_truth15,650,654
nkCdzNDP8CY,AN_WILTY_EP28_truth16,669,677
nkCdzNDP8CY,AN_WILTY_EP28_truth17,825,829
xXnyKLgp3eg,YW_WILTY_EP43_truth1,136,146
xXnyKLgp3eg,YW_WILTY_EP43_truth2,178,183
xXnyKLgp3eg,YW_WILTY_EP43_truth3,243,248
xXnyKLgp3eg,YW_WILTY_EP43_lie1,454,458
xXnyKLgp3eg,YW_WILTY_EP43_lie2,469,478
xXnyKLgp3eg,YW_WILTY_EP43_lie3,495,500
xXnyKLgp3eg,YW_WILTY_EP43_lie4,553,558
xXnyKLgp3eg,YW_WILTY_EP43_lie5,560,564
xXnyKLgp3eg,YW_WILTY_EP43_lie6,690,693
xXnyKLgp3eg,YW_WILTY_EP43_truth4,776,783
xXnyKLgp3eg,YW_WILTY_EP43_lie7,791,799
xXnyKLgp3eg,YW_WILTY_EP43_lie8,807,813
xXnyKLgp3eg,YW_WILTY_EP43_lie9,858,862
xXnyKLgp3eg,YW_WILTY_EP43_lie10,877,880
xXnyKLgp3eg,YW_WILTY_EP43_truth5,1033,1036
xXnyKLgp3eg,YW_WILTY_EP43_truth6,1042,1052
xXnyKLgp3eg,YW_WILTY_EP43_truth7,1055,1062
xXnyKLgp3eg,YW_WILTY_EP43_truth8,1070,1080
xXnyKLgp3eg,YW_WILTY_EP43_lie11,1137,1141
xXnyKLgp3eg,YW_WILTY_EP43_lie12,1193,1197
xXnyKLgp3eg,YW_WILTY_EP43_lie13,1317,1322
xXnyKLgp3eg,YW_WILTY_EP43_lie14,1348,1353
xXnyKLgp3eg,YW_WILTY_EP43_lie15,63,67
E0g49dh14S8,YW_WILTY_EP44_lie1,126,132
E0g49dh14S8,YW_WILTY_EP44_lie2,139,144
E0g49dh14S8,YW_WILTY_EP44_lie3,182,185
E0g49dh14S8,YW_WILTY_EP44_lie4,188,191
E0g49dh14S8,YW_WILTY_EP44_lie5,422,427
E0g49dh14S8,YW_WILTY_EP44_truth1,439,449
E0g49dh14S8,YW_WILTY_EP44_truth2,469,473
E0g49dh14S8,YW_WILTY_EP44_truth3,642,645
E0g49dh14S8,YW_WILTY_EP44_truth4,855,861
E0g49dh14S8,YW_WILTY_EP44_lie6,866,873
E0g49dh14S8,YW_WILTY_EP44_lie7,878,885
E0g49dh14S8,YW_WILTY_EP44_truth5,906,913
E0g49dh14S8,YW_WILTY_EP44_truth6,929,932
E0g49dh14S8,YW_WILTY_EP44_truth7,941,948
E0g49dh14S8,YW_WILTY_EP44_truth8,954,957
E0g49dh14S8,YW_WILTY_EP44_truth9,986,990
E0g49dh14S8,YW_WILTY_EP44_truth10,1004,1008
E0g49dh14S8,YW_WILTY_EP44_lie8,1041,1044
E0g49dh14S8,YW_WILTY_EP44_lie9,1054,1057
E0g49dh14S8,YW_WILTY_EP44_lie10,1066,1069
E0g49dh14S8,YW_WILTY_EP44_lie11,1078,1083
E0g49dh14S8,YW_WILTY_EP44_lie12,1263,1268
E0g49dh14S8,YW_WILTY_EP44_lie13,1279,1283
E0g49dh14S8,YW_WILTY_EP44_lie14,1285,1288
E0g49dh14S8,YW_WILTY_EP44_lie15,1327,1332
E0g49dh14S8,YW_WILTY_EP44_truth11,1392,1396
E0g49dh14S8,YW_WILTY_EP44_truth12,1418,1427
E0g49dh14S8,YW_WILTY_EP44_truth13,16,22
E0g49dh14S8,YW_WILTY_EP44_truth14,109,113
E0g49dh14S8,YW_WILTY_EP44_truth15,118,128
L2dK_5Zg5Rg,YW_WILTY_EP45_truth1,192,196
L2dK_5Zg5Rg,YW_WILTY_EP45_lie1,381,384
L2dK_5Zg5Rg,YW_WILTY_EP45_lie2,386,389
L2dK_5Zg5Rg,YW_WILTY_EP45_lie3,401,406
L2dK_5Zg5Rg,YW_WILTY_EP45_lie4,410,417
L2dK_5Zg5Rg,YW_WILTY_EP45_lie5,445,451
L2dK_5Zg5Rg,YW_WILTY_EP45_lie6,455,458
L2dK_5Zg5Rg,YW_WILTY_EP45_lie7,481,486
L2dK_5Zg5Rg,YW_WILTY_EP45_lie8,499,504
L2dK_5Zg5Rg,YW_WILTY_EP45_truth2,615,620
L2dK_5Zg5Rg,YW_WILTY_EP45_truth3,642,646
L2dK_5Zg5Rg,YW_WILTY_EP45_truth4,649,655
L2dK_5Zg5Rg,YW_WILTY_EP45_truth5,740,746
L2dK_5Zg5Rg,YW_WILTY_EP45_truth6,757,762
L2dK_5Zg5Rg,YW_WILTY_EP45_lie9,854,857
L2dK_5Zg5Rg,YW_WILTY_EP45_truth7,861,868
L2dK_5Zg5Rg,YW_WILTY_EP45_lie10,870,877
L2dK_5Zg5Rg,YW_WILTY_EP45_lie11,915,918
L2dK_5Zg5Rg,YW_WILTY_EP45_lie12,937,943
L2dK_5Zg5Rg,YW_WILTY_EP45_lie13,956,961
L2dK_5Zg5Rg,YW_WILTY_EP45_lie14,1064,1072
L2dK_5Zg5Rg,YW_WILTY_EP45_lie15,1077,1085
L2dK_5Zg5Rg,YW_WILTY_EP45_lie16,1088,1096
L2dK_5Zg5Rg,YW_WILTY_EP45_lie17,1124,1127
L2dK_5Zg5Rg,YW_WILTY_EP45_lie18,1133,1137
L2dK_5Zg5Rg,YW_WILTY_EP45_lie19,1159,1164
LPs5nlYYQck,YW_WILTY_EP46_lie1,150,153
LPs5nlYYQck,YW_WILTY_EP46_lie2,162,166
LPs5nlYYQck,YW_WILTY_EP46_truth1,407,413
LPs5nlYYQck,YW_WILTY_EP46_truth1,545,549
LPs5nlYYQck,YW_WILTY_EP46_lie3,666,674
LPs5nlYYQck,YW_WILTY_EP46_lie4,690,694
LPs5nlYYQck,YW_WILTY_EP46_lie5,709,717
LPs5nlYYQck,YW_WILTY_EP46_truth3,843,846
LPs5nlYYQck,YW_WILTY_EP46_truth4,859,865
LPs5nlYYQck,YW_WILTY_EP46_lie6,879,883
LPs5nlYYQck,YW_WILTY_EP46_lie7,924,928
LPs5nlYYQck,YW_WILTY_EP46_truth5,1115,1118
LPs5nlYYQck,YW_WILTY_EP46_truth6,1146,1150
LPs5nlYYQck,YW_WILTY_EP46_truth7,1162,1165
LPs5nlYYQck,YW_WILTY_EP46_truth8,1215,1218
LPs5nlYYQck,YW_WILTY_EP46_truth9,1221,1225
LPs5nlYYQck,YW_WILTY_EP46_truth10,1233,1238
LPs5nlYYQck,YW_WILTY_EP46_lie8,1326,1335
LPs5nlYYQck,YW_WILTY_EP46_truth11,117,120
LPs5nlYYQck,YW_WILTY_EP46_truth12,149,158
NHiEffV3Ixw,YW_WILTY_EP47_lie1,146,150
NHiEffV3Ixw,YW_WILTY_EP47_lie2,282,285
NHiEffV3Ixw,YW_WILTY_EP47_lie3,314,319
NHiEffV3Ixw,YW_WILTY_EP47_truth1,390,393
NHiEffV3Ixw,YW_WILTY_EP47_truth2,461,465
NHiEffV3Ixw,YW_WILTY_EP47_lie4,600,609
NHiEffV3Ixw,YW_WILTY_EP47_lie5,612,618
NHiEffV3Ixw,YW_WILTY_EP47_lie6,632,635
NHiEffV3Ixw,YW_WILTY_EP47_lie7,638,641
NHiEffV3Ixw,YW_WILTY_EP47_lie8,653,662
NHiEffV3Ixw,YW_WILTY_EP47_lie9,674,678
NHiEffV3Ixw,YW_WILTY_EP47_lie10,710,713
NHiEffV3Ixw,YW_WILTY_EP47_lie11,719,722
NHiEffV3Ixw,YW_WILTY_EP47_truth3,842,850
NHiEffV3Ixw,YW_WILTY_EP47_lie12,857,867
NHiEffV3Ixw,YW_WILTY_EP47_lie13,872,879
NHiEffV3Ixw,YW_WILTY_EP47_lie14,917,922
NHiEffV3Ixw,YW_WILTY_EP47_lie15,955,958
NHiEffV3Ixw,YW_WILTY_EP47_truth4,984,987
NHiEffV3Ixw,YW_WILTY_EP47_truth5,1005,1008
NHiEffV3Ixw,YW_WILTY_EP47_lie16,1027,1031
NHiEffV3Ixw,YW_WILTY_EP47_lie17,1136,1140
NHiEffV3Ixw,YW_WILTY_EP47_lie18,1143,1147
NHiEffV3Ixw,YW_WILTY_EP47_lie19,1164,1168
NHiEffV3Ixw,YW_WILTY_EP47_lie20,1333,1338
NHiEffV3Ixw,YW_WILTY_EP47_truth6,119,128
NHiEffV3Ixw,YW_WILTY_EP47_truth7,154,158
goi-_qyD7UU,YW_WILTY_EP48_truth1,149,153
goi-_qyD7UU,YW_WILTY_EP48_truth2,207,210
goi-_qyD7UU,YW_WILTY_EP48_truth3,239,243
goi-_qyD7UU,YW_WILTY_EP48_truth4,334,340
goi-_qyD7UU,YW_WILTY_EP48_truth5,359,362
goi-_qyD7UU,YW_WILTY_EP48_truth6,376,380
goi-_qyD7UU,YW_WILTY_EP48_truth7,386,390
goi-_qyD7UU,YW_WILTY_EP48_lie1,514,517
goi-_qyD7UU,YW_WILTY_EP48_lie2,553,558
goi-_qyD7UU,YW_WILTY_EP48_lie3,734,738
goi-_qyD7UU,YW_WILTY_EP48_lie4,740,743
goi-_qyD7UU,YW_WILTY_EP48_lie5,766,770
goi-_qyD7UU,YW_WILTY_EP48_lie6,819,823
goi-_qyD7UU,YW_WILTY_EP48_lie7,916,920
goi-_qyD7UU,YW_WILTY_EP48_lie8,924,927
goi-_qyD7UU,YW_WILTY_EP48_lie9,953,962
goi-_qyD7UU,YW_WILTY_EP48_lie10,966,973
goi-_qyD7UU,YW_WILTY_EP48_truth8,1001,1005
goi-_qyD7UU,YW_WILTY_EP48_truth9,1034,1037
goi-_qyD7UU,YW_WILTY_EP48_lie11,1265,1268
txoRmRLHD-E,YW_WILTY_EP49_truth1,140,145
txoRmRLHD-E,YW_WILTY_EP49_truth2,163,167
txoRmRLHD-E,YW_WILTY_EP49_truth3,171,181
txoRmRLHD-E,YW_WILTY_EP49_truth4,259,262
txoRmRLHD-E,YW_WILTY_EP49_truth5,466,470
txoRmRLHD-E,YW_WILTY_EP49_lie1,682,685
txoRmRLHD-E,YW_WILTY_EP49_truth6,894,900
txoRmRLHD-E,YW_WILTY_EP49_lie2,908,918
txoRmRLHD-E,YW_WILTY_EP49_lie3,922,929
txoRmRLHD-E,YW_WILTY_EP49_lie4,979,983
txoRmRLHD-E,YW_WILTY_EP49_lie5,993,998
txoRmRLHD-E,YW_WILTY_EP49_truth7,1134,1142
txoRmRLHD-E,YW_WILTY_EP49_truth8,1148,1158
txoRmRLHD-E,YW_WILTY_EP49_truth9,1163,1168
txoRmRLHD-E,YW_WILTY_EP49_lie6,1266,1272
txoRmRLHD-E,YW_WILTY_EP49_lie7,1303,1307
txoRmRLHD-E,YW_WILTY_EP49_lie8,1345,1353
txoRmRLHD-E,YW_WILTY_EP49_truth10,60,67
txoRmRLHD-E,YW_WILTY_EP49_truth11,74,82
txoRmRLHD-E,YW_WILTY_EP49_truth12,100,103
txoRmRLHD-E,YW_WILTY_EP49_truth13,117,120
txoRmRLHD-E,YW_WILTY_EP49_truth14,123,127
FvHR_5rI8NY,YW_WILTY_EP50_lie1,131,134
FvHR_5rI8NY,YW_WILTY_EP50_lie2,138,142
FvHR_5rI8NY,YW_WILTY_EP50_lie3,149,158
FvHR_5rI8NY,YW_WILTY_EP50_lie4,172,175
FvHR_5rI8NY,YW_WILTY_EP50_lie5,209,218
FvHR_5rI8NY,YW_WILTY_EP50_lie6,222,226
FvHR_5rI8NY,YW_WILTY_EP50_truth1,310,316
FvHR_5rI8NY,YW_WILTY_EP50_truth2,357,363
FvHR_5rI8NY,YW_WILTY_EP50_truth3,367,372
FvHR_5rI8NY,YW_WILTY_EP50_truth4,375,378
FvHR_5rI8NY,YW_WILTY_EP50_truth5,399,403
FvHR_5rI8NY,YW_WILTY_EP50_lie7,604,607
FvHR_5rI8NY,YW_WILTY_EP50_truth6,612,616
FvHR_5rI8NY,YW_WILTY_EP50_lie8,621,626
FvHR_5rI8NY,YW_WILTY_EP50_lie9,633,636
FvHR_5rI8NY,YW_WILTY_EP50_lie10,659,665
FvHR_5rI8NY,YW_WILTY_EP50_lie11,680,683
FvHR_5rI8NY,YW_WILTY_EP50_lie12,687,691
FvHR_5rI8NY,YW_WILTY_EP50_lie13,710,713
FvHR_5rI8NY,YW_WILTY_EP50_lie14,726,733
FvHR_5rI8NY,YW_WILTY_EP50_lie15,737,745
FvHR_5rI8NY,YW_WILTY_EP50_truth7,889,893
FvHR_5rI8NY,YW_WILTY_EP50_truth8,935,938
FvHR_5rI8NY,YW_WILTY_EP50_truth9,945,949
FvHR_5rI8NY,YW_WILTY_EP50_truth10,955,959
FvHR_5rI8NY,YW_WILTY_EP50_truth11,1225,1228
FvHR_5rI8NY,YW_WILTY_EP50_truth12,1395,1400
FvHR_5rI8NY,YW_WILTY_EP50_truth13,1413,1416
FvHR_5rI8NY,YW_WILTY_EP50_truth14,1429,1433
XOOe7-3jptw,YW_WILTY_EP51_truth1,140,147
XOOe7-3jptw,YW_WILTY_EP51_truth2,211,217
XOOe7-3jptw,YW_WILTY_EP51_truth3,221,225
XOOe7-3jptw,YW_WILTY_EP51_lie1,339,342
XOOe7-3jptw,YW_WILTY_EP51_lie2,575,578
XOOe7-3jptw,YW_WILTY_EP51_lie3,589,594
XOOe7-3jptw,YW_WILTY_EP51_lie4,648,655
XOOe7-3jptw,YW_WILTY_EP51_lie5,687,691
XOOe7-3jptw,YW_WILTY_EP51_truth4,825,834
XOOe7-3jptw,YW_WILTY_EP51_lie6,911,915
XOOe7-3jptw,YW_WILTY_EP51_lie7,944,953
XOOe7-3jptw,YW_WILTY_EP51_lie8,958,964
XOOe7-3jptw,YW_WILTY_EP51_lie9,1388,1393
XOOe7-3jptw,YW_WILTY_EP51_truth5,91,95
XOOe7-3jptw,YW_WILTY_EP51_truth6,112,115
9vYm2nB7qX8,YW_WILTY_EP52_truth1,124,130
9vYm2nB7qX8,YW_WILTY_EP52_truth2,206,213
9vYm2nB7qX8,YW_WILTY_EP52_truth3,329,336
9vYm2nB7qX8,YW_WILTY_EP52_truth4,340,347
9vYm2nB7qX8,YW_WILTY_EP52_truth5,363,369
9vYm2nB7qX8,YW_WILTY_EP52_truth6,420,428
9vYm2nB7qX8,YW_WILTY_EP52_lie1,582,586
9vYm2nB7qX8,YW_WILTY_EP52_lie2,832,837
9vYm2nB7qX8,YW_WILTY_EP52_lie3,843,853
9vYm2nB7qX8,YW_WILTY_EP52_lie4,906,909
9vYm2nB7qX8,YW_WILTY_EP52_lie5,912,916
9vYm2nB7qX8,YW_WILTY_EP52_lie6,940,947
9vYm2nB7qX8,YW_WILTY_EP52_lie7,1016,1021
9vYm2nB7qX8,YW_WILTY_EP52_lie8,1038,1043
9vYm2nB7qX8,YW_WILTY_EP52_truth7,1111,1115
9vYm2nB7qX8,YW_WILTY_EP52_truth8,1149,1155
9vYm2nB7qX8,YW_WILTY_EP52_truth9,1370,1373
9vYm2nB7qX8,YW_WILTY_EP52_truth10,1381,1385
9vYm2nB7qX8,YW_WILTY_EP52_truth11,1408,1412
9vYm2nB7qX8,YW_WILTY_EP52_truth12,87,91
bOPYvXBO7bE,YW_WILTY_EP53_truth1,115,121
bOPYvXBO7bE,YW_WILTY_EP53_truth2,125,128
bOPYvXBO7bE,YW_WILTY_EP53_truth3,141,146
bOPYvXBO7bE,YW_WILTY_EP53_truth4,242,245
bOPYvXBO7bE,YW_WILTY_EP53_truth5,472,475
bOPYvXBO7bE,YW_WILTY_EP53_truth6,515,519
bOPYvXBO7bE,YW_WILTY_EP53_truth7,560,563
bOPYvXBO7bE,YW_WILTY_EP53_truth8,587,591
bOPYvXBO7bE,YW_WILTY_EP53_lie1,665,672
bOPYvXBO7bE,YW_WILTY_EP53_lie2,685,688
bOPYvXBO7bE,YW_WILTY_EP53_lie3,837,841
bOPYvXBO7bE,YW_WILTY_EP53_lie4,846,856
bOPYvXBO7bE,YW_WILTY_EP53_truth9,863,870
bOPYvXBO7bE,YW_WILTY_EP53_truth10,893,903
bOPYvXBO7bE,YW_WILTY_EP53_truth11,971,975
bOPYvXBO7bE,YW_WILTY_EP53_truth12,1008,1012
bOPYvXBO7bE,YW_WILTY_EP53_truth13,1021,1025
bOPYvXBO7bE,YW_WILTY_EP53_lie5,1060,1064
bOPYvXBO7bE,YW_WILTY_EP53_lie6,1071,1074
bOPYvXBO7bE,YW_WILTY_EP53_lie7,1097,1101
bOPYvXBO7bE,YW_WILTY_EP53_lie8,1105,1109
bOPYvXBO7bE,YW_WILTY_EP53_lie9,1112,1116
bOPYvXBO7bE,YW_WILTY_EP53_lie10,1120,1125
bOPYvXBO7bE,YW_WILTY_EP53_lie11,1180,1185
bOPYvXBO7bE,YW_WILTY_EP53_lie12,1216,1219
bOPYvXBO7bE,YW_WILTY_EP53_lie13,1236,1246
bOPYvXBO7bE,YW_WILTY_EP53_truth14,1433,1437
8DnDiHE1cqo,YW_WILTY_EP54_truth1,136,142
8DnDiHE1cqo,YW_WILTY_EP54_truth2,189,193
8DnDiHE1cqo,YW_WILTY_EP54_lie1,660,666
8DnDiHE1cqo,YW_WILTY_EP54_truth3,808,814
8DnDiHE1cqo,YW_WILTY_EP54_lie2,833,840
8DnDiHE1cqo,YW_WILTY_EP54_truth4,862,869
8DnDiHE1cqo,YW_WILTY_EP54_truth5,900,905
8DnDiHE1cqo,YW_WILTY_EP54_truth6,954,957
8DnDiHE1cqo,YW_WILTY_EP54_truth7,961,965
8DnDiHE1cqo,YW_WILTY_EP54_truth8,967,971
8DnDiHE1cqo,YW_WILTY_EP54_lie3,999,1003
8DnDiHE1cqo,YW_WILTY_EP54_lie4,1019,1024
8DnDiHE1cqo,YW_WILTY_EP54_lie5,1126,1130
8DnDiHE1cqo,YW_WILTY_EP54_lie6,1301,1304
8DnDiHE1cqo,YW_WILTY_EP54_lie7,1347,1350
8DnDiHE1cqo,YW_WILTY_EP54_lie8,1371,1378
m5YR12v8bMA,YW_WILTY_EP55_lie1,142,152
m5YR12v8bMA,YW_WILTY_EP55_lie2,155,160
m5YR12v8bMA,YW_WILTY_EP55_lie3,186,190
m5YR12v8bMA,YW_WILTY_EP55_truth1,405,410
m5YR12v8bMA,YW_WILTY_EP55_truth2,484,490
m5YR12v8bMA,YW_WILTY_EP55_truth3,518,525
m5YR12v8bMA,YW_WILTY_EP55_truth4,627,630
m5YR12v8bMA,YW_WILTY_EP55_truth5,633,636
m5YR12v8bMA,YW_WILTY_EP55_lie4,639,649
m5YR12v8bMA,YW_WILTY_EP55_lie5,674,678
m5YR12v8bMA,YW_WILTY_EP55_truth6,697,701
m5YR12v8bMA,YW_WILTY_EP55_truth7,731,736
m5YR12v8bMA,YW_WILTY_EP55_truth8,737,741
m5YR12v8bMA,YW_WILTY_EP55_lie6,805,808
m5YR12v8bMA,YW_WILTY_EP55_lie7,826,830
m5YR12v8bMA,YW_WILTY_EP55_lie8,842,845
m5YR12v8bMA,YW_WILTY_EP55_lie9,932,939
m5YR12v8bMA,YW_WILTY_EP55_lie10,961,967
m5YR12v8bMA,YW_WILTY_EP55_lie11,981,990
m5YR12v8bMA,YW_WILTY_EP55_lie12,999,1006
m5YR12v8bMA,YW_WILTY_EP55_lie13,1218,1222
m5YR12v8bMA,YW_WILTY_EP55_lie14,1225,1229
m5YR12v8bMA,YW_WILTY_EP55_lie15,1255,1262
m5YR12v8bMA,YW_WILTY_EP55_lie16,1306,1314
vgwUFePSlXI,YW_WILTY_EP56_lie1,146,150
vgwUFePSlXI,YW_WILTY_EP56_lie2,170,177
vgwUFePSlXI,YW_WILTY_EP56_lie3,357,361
vgwUFePSlXI,YW_WILTY_EP56_lie4,386,389
vgwUFePSlXI,YW_WILTY_EP56_lie5,402,408
vgwUFePSlXI,YW_WILTY_EP56_lie6,640,644
vgwUFePSlXI,YW_WILTY_EP56_lie7,652,655
vgwUFePSlXI,YW_WILTY_EP56_lie8,684,688
vgwUFePSlXI,YW_WILTY_EP56_lie9,709,712
vgwUFePSlXI,YW_WILTY_EP56_lie10,724,728
vgwUFePSlXI,YW_WILTY_EP56_lie11,732,740
vgwUFePSlXI,YW_WILTY_EP56_lie12,829,833
vgwUFePSlXI,YW_WILTY_EP56_lie13,921,927
vgwUFePSlXI,YW_WILTY_EP56_lie14,1026,1031
vgwUFePSlXI,YW_WILTY_EP56_lie15,1074,1081
vgwUFePSlXI,YW_WILTY_EP56_truth1,1266,1269
vgwUFePSlXI,YW_WILTY_EP56_truth2,1311,1318
vgwUFePSlXI,YW_WILTY_EP56_truth3,1322,1325
vgwUFePSlXI,YW_WILTY_EP56_truth4,1333,1338
vgwUFePSlXI,YW_WILTY_EP56_truth5,1341,1345
vgwUFePSlXI,YW_WILTY_EP56_truth6,1361,1364
vgwUFePSlXI,YW_WILTY_EP56_lie16,1432,1436
vgwUFePSlXI,YW_WILTY_EP56_lie17,24,28
vgwUFePSlXI,YW_WILTY_EP56_lie18,38,48
vgwUFePSlXI,YW_WILTY_EP56_lie19,51,58
mkcL-pW0MYk,SB_WILTY_EP29_lie1,87,91
mkcL-pW0MYk,SB_WILTY_EP29_lie2,96,103
mkcL-pW0MYk,SB_WILTY_EP29_lie3,109,114
mkcL-pW0MYk,SB_WILTY_EP29_lie4,121,125
mkcL-pW0MYk,SB_WILTY_EP29_lie5,132,136
mkcL-pW0MYk,SB_WILTY_EP29_lie6,140,144
mkcL-pW0MYk,SB_WILTY_EP29_lie7,192,196
mkcL-pW0MYk,SB_WILTY_EP29_truth1,221,228
mkcL-pW0MYk,SB_WILTY_EP29_truth2,234,241
mkcL-pW0MYk,SB_WILTY_EP29_truth3,285,291
mkcL-pW0MYk,SB_WILTY_EP29_lie8,307,316
mkcL-pW0MYk,SB_WILTY_EP29_lie9,321,326
mkcL-pW0MYk,SB_WILTY_EP29_truth4,496,504
mkcL-pW0MYk,SB_WILTY_EP29_truth5,509,513
mkcL-pW0MYk,SB_WILTY_EP29_truth6,533,537
mkcL-pW0MYk,SB_WILTY_EP29_truth7,555,560
mkcL-pW0MYk,SB_WILTY_EP29_lie10,703,709
X9LG_kwG9uQ,SB_WILTY_EP30_lie1,99,107
X9LG_kwG9uQ,SB_WILTY_EP30_lie2,116,121
X9LG_kwG9uQ,SB_WILTY_EP30_lie3,123,131
X9LG_kwG9uQ,SB_WILTY_EP30_lie4,174,185
X9LG_kwG9uQ,SB_WILTY_EP30_truth1,268,274
X9LG_kwG9uQ,SB_WILTY_EP30_truth2,288,293
X9LG_kwG9uQ,SB_WILTY_EP30_truth3,297,301
X9LG_kwG9uQ,SB_WILTY_EP30_truth4,310,315
X9LG_kwG9uQ,SB_WILTY_EP30_truth5,345,350
X9LG_kwG9uQ,SB_WILTY_EP30_truth6,352,356
X9LG_kwG9uQ,SB_WILTY_EP30_truth7,365,370
X9LG_kwG9uQ,SB_WILTY_EP30_truth8,372,376
X9LG_kwG9uQ,SB_WILTY_EP30_truth9,378,382
X9LG_kwG9uQ,SB_WILTY_EP30_lie5,469,478
X9LG_kwG9uQ,SB_WILTY_EP30_lie6,484,488
X9LG_kwG9uQ,SB_WILTY_EP30_lie7,492,502
X9LG_kwG9uQ,SB_WILTY_EP30_lie8,525,533
X9LG_kwG9uQ,SB_WILTY_EP30_lie9,574,578
X9LG_kwG9uQ,SB_WILTY_EP30_lie10,911,915
X9LG_kwG9uQ,SB_WILTY_EP30_lie11,927,931
X9LG_kwG9uQ,SB_WILTY_EP30_lie12,944,951
X9LG_kwG9uQ,SB_WILTY_EP30_lie13,964,968
X9LG_kwG9uQ,SB_WILTY_EP30_lie14,1031,1036
X9LG_kwG9uQ,SB_WILTY_EP30_lie15,1063,1067
X9LG_kwG9uQ,SB_WILTY_EP30_lie16,1071,1076
X9LG_kwG9uQ,SB_WILTY_EP30_lie17,1087,1093
X9LG_kwG9uQ,SB_WILTY_EP30_truth10,1122,1126
X9LG_kwG9uQ,SB_WILTY_EP30_truth11,1128,1132
X9LG_kwG9uQ,SB_WILTY_EP30_truth12,1141,1146
X9LG_kwG9uQ,SB_WILTY_EP30_truth13,1150,1155
X9LG_kwG9uQ,SB_WILTY_EP30_truth14,1244,1248
X9LG_kwG9uQ,SB_WILTY_EP30_truth15,1268,1272
X9LG_kwG9uQ,SB_WILTY_EP30_truth16,1275,1279
X9LG_kwG9uQ,SB_WILTY_EP30_lie18,1382,1391
X9LG_kwG9uQ,SB_WILTY_EP30_lie19,1400,1404
X9LG_kwG9uQ,SB_WILTY_EP30_lie20,1424,1437
X9LG_kwG9uQ,SB_WILTY_EP30_lie21,44,49
X9LG_kwG9uQ,SB_WILTY_EP30_lie22,52,58
X9LG_kwG9uQ,SB_WILTY_EP30_lie23,88,93
X9LG_kwG9uQ,SB_WILTY_EP30_lie24,96,100
X9LG_kwG9uQ,SB_WILTY_EP30_lie25,116,120
X9LG_kwG9uQ,SB_WILTY_EP30_lie26,158,162
X9LG_kwG9uQ,SB_WILTY_EP30_lie27,165,171
8oe8NUESnpA,SB_WILTY_EP31_lie1,103,110
8oe8NUESnpA,SB_WILTY_EP31_lie2,119,127
8oe8NUESnpA,SB_WILTY_EP31_lie3,129,135
8oe8NUESnpA,SB_WILTY_EP31_lie4,167,172
8oe8NUESnpA,SB_WILTY_EP31_truth1,279,288
8oe8NUESnpA,SB_WILTY_EP31_truth2,305,312
8oe8NUESnpA,SB_WILTY_EP31_truth3,320,324
8oe8NUESnpA,SB_WILTY_EP31_truth4,337,346
8oe8NUESnpA,SB_WILTY_EP31_truth5,437,444
8oe8NUESnpA,SB_WILTY_EP31_truth6,518,524
8oe8NUESnpA,SB_WILTY_EP31_truth7,636,644
8oe8NUESnpA,SB_WILTY_EP31_lie5,781,788
8oe8NUESnpA,SB_WILTY_EP31_truth8,795,802
8oe8NUESnpA,SB_WILTY_EP31_lie6,811,820
8oe8NUESnpA,SB_WILTY_EP31_lie7,835,841
Ipb8dXlJqO4,SB_WILTY_EP32_lie1,3,8
Ipb8dXlJqO4,SB_WILTY_EP32_lie2,19,24
Ipb8dXlJqO4,SB_WILTY_EP32_lie3,29,34
Ipb8dXlJqO4,SB_WILTY_EP32_lie4,48,52
Ipb8dXlJqO4,SB_WILTY_EP32_lie5,65,70
Ipb8dXlJqO4,SB_WILTY_EP32_truth1,89,93
Ipb8dXlJqO4,SB_WILTY_EP32_truth2,124,131
Ipb8dXlJqO4,SB_WILTY_EP32_truth3,135,144
Ipb8dXlJqO4,SB_WILTY_EP32_lie6,170,175
Ipb8dXlJqO4,SB_WILTY_EP32_lie7,199,206
Ipb8dXlJqO4,SB_WILTY_EP32_lie8,425,429
Ipb8dXlJqO4,SB_WILTY_EP32_lie9,437,442
Ipb8dXlJqO4,SB_WILTY_EP32_lie10,447,454
Ipb8dXlJqO4,SB_WILTY_EP32_lie11,467,471
Ipb8dXlJqO4,SB_WILTY_EP32_lie12,500,506
Ipb8dXlJqO4,SB_WILTY_EP32_lie13,528,535
Ipb8dXlJqO4,SB_WILTY_EP32_lie14,574,580
Ipb8dXlJqO4,SB_WILTY_EP32_lie15,672,681
Ipb8dXlJqO4,SB_WILTY_EP32_lie16,753,757
Ipb8dXlJqO4,SB_WILTY_EP32_lie17,767,771
fWWJWsjclaQ,SB_WILTY_EP33_lie1,108,119
fWWJWsjclaQ,SB_WILTY_EP33_lie2,145,152
fWWJWsjclaQ,SB_WILTY_EP33_lie3,337,343
fWWJWsjclaQ,SB_WILTY_EP33_lie4,429,435
fWWJWsjclaQ,SB_WILTY_EP33_lie5,444,458
fWWJWsjclaQ,SB_WILTY_EP33_truth1,689,696
fWWJWsjclaQ,SB_WILTY_EP33_truth2,700,704
fWWJWsjclaQ,SB_WILTY_EP33_truth3,709,715
fWWJWsjclaQ,SB_WILTY_EP33_truth4,726,730
fWWJWsjclaQ,SB_WILTY_EP33_truth5,759,763
fWWJWsjclaQ,SB_WILTY_EP33_truth6,793,797
YoegsEq9se0,SB_WILTY_EP34_lie1,43,51
YoegsEq9se0,SB_WILTY_EP34_lie2,74,81
YoegsEq9se0,SB_WILTY_EP34_lie3,91,95
YoegsEq9se0,SB_WILTY_EP34_lie4,131,137
YoegsEq9se0,SB_WILTY_EP34_lie5,146,150
YoegsEq9se0,SB_WILTY_EP34_lie6,195,200
YoegsEq9se0,SB_WILTY_EP34_lie7,224,229
YoegsEq9se0,SB_WILTY_EP34_lie8,236,255
YoegsEq9se0,SB_WILTY_EP34_lie9,275,284
YoegsEq9se0,SB_WILTY_EP34_lie10,287,291
YoegsEq9se0,SB_WILTY_EP34_truth1,335,345
YoegsEq9se0,SB_WILTY_EP34_truth2,363,371
YoegsEq9se0,SB_WILTY_EP34_lie11,581,585
YoegsEq9se0,SB_WILTY_EP34_lie12,592,596
YoegsEq9se0,SB_WILTY_EP34_truth3,666,674
YoegsEq9se0,SB_WILTY_EP34_truth4,750,755
YoegsEq9se0,SB_WILTY_EP34_truth5,768,779
hS8BsP3sRf4,SB_WILTY_EP35_truth1,118,122
hS8BsP3sRf4,SB_WILTY_EP35_truth2,134,138
hS8BsP3sRf4,SB_WILTY_EP35_truth3,142,146
hS8BsP3sRf4,SB_WILTY_EP35_truth4,200,204
hS8BsP3sRf4,SB_WILTY_EP35_lie1,332,339
hS8BsP3sRf4,SB_WILTY_EP35_lie2,344,349
hS8BsP3sRf4,SB_WILTY_EP35_lie3,384,389
hS8BsP3sRf4,SB_WILTY_EP35_lie4,432,437
hS8BsP3sRf4,SB_WILTY_EP35_truth5,519,523
hS8BsP3sRf4,SB_WILTY_EP35_truth6,533,538
hS8BsP3sRf4,SB_WILTY_EP35_truth7,541,548
hS8BsP3sRf4,SB_WILTY_EP35_truth8,565,571
hS8BsP3sRf4,SB_WILTY_EP35_truth9,577,586
hS8BsP3sRf4,SB_WILTY_EP35_truth10,588,596
hS8BsP3sRf4,SB_WILTY_EP35_truth11,658,664
hS8BsP3sRf4,SB_WILTY_EP35_lie5,707,712
hS8BsP3sRf4,SB_WILTY_EP35_lie6,725,729
hS8BsP3sRf4,SB_WILTY_EP35_lie7,732,736
hS8BsP3sRf4,SB_WILTY_EP35_lie8,772,777
OfRZO8-H-Sg,SB_WILTY_EP36_lie1,26,34
OfRZO8-H-Sg,SB_WILTY_EP36_truth1,40,45
OfRZO8-H-Sg,SB_WILTY_EP36_lie2,49,55
OfRZO8-H-Sg,SB_WILTY_EP36_lie3,66,74
OfRZO8-H-Sg,SB_WILTY_EP36_lie4,82,88
OfRZO8-H-Sg,SB_WILTY_EP36_lie5,108,112
OfRZO8-H-Sg,SB_WILTY_EP36_truth2,163,172
OfRZO8-H-Sg,SB_WILTY_EP36_lie6,235,243
OfRZO8-H-Sg,SB_WILTY_EP36_lie7,255,259
OfRZO8-H-Sg,SB_WILTY_EP36_lie8,303,311
OfRZO8-H-Sg,SB_WILTY_EP36_lie9,318,322
OfRZO8-H-Sg,SB_WILTY_EP36_truth3,443,450
OfRZO8-H-Sg,SB_WILTY_EP36_truth4,463,473
OfRZO8-H-Sg,SB_WILTY_EP36_truth5,515,520
OfRZO8-H-Sg,SB_WILTY_EP36_truth6,522,528
loPuU_k3FT0,SB_WILTY_EP37_lie1,101,108
loPuU_k3FT0,SB_WILTY_EP37_lie2,127,132
loPuU_k3FT0,SB_WILTY_EP37_lie3,185,191
loPuU_k3FT0,SB_WILTY_EP37_lie4,195,201
loPuU_k3FT0,SB_WILTY_EP37_lie5,216,221
loPuU_k3FT0,SB_WILTY_EP37_lie6,223,230
loPuU_k3FT0,SB_WILTY_EP37_truth1,299,303
loPuU_k3FT0,SB_WILTY_EP37_truth2,306,313
loPuU_k3FT0,SB_WILTY_EP37_truth3,321,325
loPuU_k3FT0,SB_WILTY_EP37_truth4,334,342
loPuU_k3FT0,SB_WILTY_EP37_truth5,357,361
loPuU_k3FT0,SB_WILTY_EP37_truth6,376,380
loPuU_k3FT0,SB_WILTY_EP37_truth7,491,495
loPuU_k3FT0,SB_WILTY_EP37_truth8,581,586
loPuU_k3FT0,SB_WILTY_EP37_truth9,602,610
loPuU_k3FT0,SB_WILTY_EP37_truth10,617,621
loPuU_k3FT0,SB_WILTY_EP37_truth11,627,634
loPuU_k3FT0,SB_WILTY_EP37_truth12,636,643
loPuU_k3FT0,SB_WILTY_EP37_truth13,666,678
loPuU_k3FT0,SB_WILTY_EP37_truth14,759,767
loPuU_k3FT0,SB_WILTY_EP37_lie7,771,778
loPuU_k3FT0,SB_WILTY_EP37_lie8,787,791
NY3AyfzPJ1s,SB_WILTY_EP38_lie1,33,40
NY3AyfzPJ1s,SB_WILTY_EP38_lie2,87,92
NY3AyfzPJ1s,SB_WILTY_EP38_truth1,139,144
NY3AyfzPJ1s,SB_WILTY_EP38_truth2,213,220
NY3AyfzPJ1s,SB_WILTY_EP38_truth3,405,419
NY3AyfzPJ1s,SB_WILTY_EP38_lie3,539,543
NY3AyfzPJ1s,SB_WILTY_EP38_lie4,550,562
NY3AyfzPJ1s,SB_WILTY_EP38_lie5,631,642
NY3AyfzPJ1s,SB_WILTY_EP38_lie6,702,708
HpM8HbO6KVQ,SB_WILTY_EP39_lie1,72,79
HpM8HbO6KVQ,SB_WILTY_EP39_lie2,109,115
HpM8HbO6KVQ,SB_WILTY_EP39_lie3,129,135
HpM8HbO6KVQ,SB_WILTY_EP39_lie4,137,141
HpM8HbO6KVQ,SB_WILTY_EP39_lie5,159,164
HpM8HbO6KVQ,SB_WILTY_EP39_lie6,177,181
HpM8HbO6KVQ,SB_WILTY_EP39_lie7,205,209
HpM8HbO6KVQ,SB_WILTY_EP39_truth1,345,350
HpM8HbO6KVQ,SB_WILTY_EP39_truth2,366,374
HpM8HbO6KVQ,SB_WILTY_EP39_truth3,376,381
HpM8HbO6KVQ,SB_WILTY_EP39_truth4,416,422
HpM8HbO6KVQ,SB_WILTY_EP39_truth5,424,429
7aahLFGgU4s,SB_WILTY_EP40_lie1,17,24
7aahLFGgU4s,SB_WILTY_EP40_lie2,46,54
7aahLFGgU4s,SB_WILTY_EP40_lie3,56,60
7aahLFGgU4s,SB_WILTY_EP40_lie4,83,96
7aahLFGgU4s,SB_WILTY_EP40_truth1,156,163
7aahLFGgU4s,SB_WILTY_EP40_truth2,174,183
7aahLFGgU4s,SB_WILTY_EP40_truth3,191,200
7aahLFGgU4s,SB_WILTY_EP40_lie5,385,389
7aahLFGgU4s,SB_WILTY_EP40_lie6,407,414
7aahLFGgU4s,SB_WILTY_EP40_lie7,425,429
7aahLFGgU4s,SB_WILTY_EP40_lie8,489,498
7aahLFGgU4s,SB_WILTY_EP40_lie9,513,519
7aahLFGgU4s,SB_WILTY_EP40_lie10,583,590
7aahLFGgU4s,SB_WILTY_EP40_lie11,633,637
paKvWxTNl_w,SB_WILTY_EP41_lie1,113,117
paKvWxTNl_w,SB_WILTY_EP41_lie2,182,187
paKvWxTNl_w,SB_WILTY_EP41_lie3,224,232
paKvWxTNl_w,SB_WILTY_EP41_lie4,235,242
paKvWxTNl_w,SB_WILTY_EP41_truth1,345,354
paKvWxTNl_w,SB_WILTY_EP41_truth2,427,431
paKvWxTNl_w,SB_WILTY_EP41_truth3,663,670
paKvWxTNl_w,SB_WILTY_EP41_lie5,676,684
paKvWxTNl_w,SB_WILTY_EP41_lie6,693,698
paKvWxTNl_w,SB_WILTY_EP41_truth4,719,726
paKvWxTNl_w,SB_WILTY_EP41_truth5,809,813
paKvWxTNl_w,SB_WILTY_EP41_lie7,856,862
paKvWxTNl_w,SB_WILTY_EP41_lie8,889,895
paKvWxTNl_w,SB_WILTY_EP41_lie9,926,932
paKvWxTNl_w,SB_WILTY_EP41_lie10,959,963
paKvWxTNl_w,SB_WILTY_EP41_lie11,981,991
paKvWxTNl_w,SB_WILTY_EP41_lie12,1021,1029
paKvWxTNl_w,SB_WILTY_EP41_lie13,1169,1173
paKvWxTNl_w,SB_WILTY_EP41_lie14,1254,1259
paKvWxTNl_w,SB_WILTY_EP41_lie15,1335,1343
WY76L0DtaIU,SB_WILTY_EP42_truth1,98,106
WY76L0DtaIU,SB_WILTY_EP42_truth2,133,137
WY76L0DtaIU,SB_WILTY_EP42_truth3,141,148
WY76L0DtaIU,SB_WILTY_EP42_lie1,271,278
WY76L0DtaIU,SB_WILTY_EP42_lie2,297,304
WY76L0DtaIU,SB_WILTY_EP42_lie3,387,391
WY76L0DtaIU,SB_WILTY_EP42_truth4,448,452
WY76L0DtaIU,SB_WILTY_EP42_truth5,460,465
WY76L0DtaIU,SB_WILTY_EP42_truth6,476,480
WY76L0DtaIU,SB_WILTY_EP42_truth7,483,487
WY76L0DtaIU,SB_WILTY_EP42_truth8,512,517
WY76L0DtaIU,SB_WILTY_EP42_truth9,522,528
WY76L0DtaIU,SB_WILTY_EP42_truth10,559,563
WY76L0DtaIU,SB_WILTY_EP42_truth11,598,602
WY76L0DtaIU,SB_WILTY_EP42_truth12,738,746
WY76L0DtaIU,SB_WILTY_EP42_lie4,753,760
WY76L0DtaIU,SB_WILTY_EP42_lie5,767,775
WY76L0DtaIU,SB_WILTY_EP42_lie6,802,811
WY76L0DtaIU,SB_WILTY_EP42_lie7,816,820
WY76L0DtaIU,SB_WILTY_EP42_lie8,823,828
WY76L0DtaIU,SB_WILTY_EP42_truth13,944,948
WY76L0DtaIU,SB_WILTY_EP42_truth14,978,990
WY76L0DtaIU,SB_WILTY_EP42_lie9,1034,1045
WY76L0DtaIU,SB_WILTY_EP42_lie10,1097,1105
WY76L0DtaIU,SB_WILTY_EP42_truth15,1263,1269
WY76L0DtaIU,SB_WILTY_EP42_truth16,1301,1305
WY76L0DtaIU,SB_WILTY_EP42_truth17,1333,1337
WY76L0DtaIU,SB_WILTY_EP42_truth18,1352,1357
WY76L0DtaIU,SB_WILTY_EP42_lie11,1407,1415
WY76L0DtaIU,SB_WILTY_EP42_lie13,9,13
WY76L0DtaIU,SB_WILTY_EP42_lie14,17,21
WY76L0DtaIU,SB_WILTY_EP42_lie15,83,99
WY76L0DtaIU,SB_WILTY_EP42_lie16,112,116
WY76L0DtaIU,SB_WILTY_EP42_lie17,119,123
WY76L0DtaIU,SB_WILTY_EP42_lie18,156,161
WY76L0DtaIU,SB_WILTY_EP42_lie19,182,186
d4QYhPWCC4M,LS_WILTY_EP1_truth1,108,113
d4QYhPWCC4M,LS_WILTY_EP1_truth2,151,154
d4QYhPWCC4M,LS_WILTY_EP1_truth3,254,259
d4QYhPWCC4M,LS_WILTY_EP1_truth4,273,276
d4QYhPWCC4M,LS_WILTY_EP1_truth5,346,351
d4QYhPWCC4M,LS_WILTY_EP1_lie1,399,403
d4QYhPWCC4M,LS_WILTY_EP1_lie2,436,441
d4QYhPWCC4M,LS_WILTY_EP1_lie3,443,448
d4QYhPWCC4M,LS_WILTY_EP1_lie4,846,850
d4QYhPWCC4M,LS_WILTY_EP1_lie5,866,872
d4QYhPWCC4M,LS_WILTY_EP1_lie6,944,951
d4QYhPWCC4M,LS_WILTY_EP1_lie7,998,1003
d4QYhPWCC4M,LS_WILTY_EP1_lie8,1148,1158
d4QYhPWCC4M,LS_WILTY_EP1_truth6,1387,1394
d4QYhPWCC4M,LS_WILTY_EP1_truth7,1413,1418
d4QYhPWCC4M,LS_WILTY_EP1_lie9,30,34
d4QYhPWCC4M,LS_WILTY_EP1_truth8,115,118
ql3yoGIBlOw,LS_WILTY_EP2_truth1,123,128
ql3yoGIBlOw,LS_WILTY_EP2_lie1,390,394
ql3yoGIBlOw,LS_WILTY_EP2_lie2,407,411
ql3yoGIBlOw,LS_WILTY_EP2_lie3,868,872
ql3yoGIBlOw,LS_WILTY_EP2_truth2,879,884
ql3yoGIBlOw,LS_WILTY_EP2_lie4,892,896
ql3yoGIBlOw,LS_WILTY_EP2_lie5,924,928
ql3yoGIBlOw,LS_WILTY_EP2_lie6,985,993
ql3yoGIBlOw,LS_WILTY_EP2_truth3,1050,1054
ql3yoGIBlOw,LS_WILTY_EP2_truth4,1065,1068
ql3yoGIBlOw,LS_WILTY_EP2_lie7,1269,1279
ql3yoGIBlOw,LS_WILTY_EP2_truth5,1418,1423
ql3yoGIBlOw,LS_WILTY_EP2_truth7,3,10
ql3yoGIBlOw,LS_WILTY_EP2_truth8,12,16
ql3yoGIBlOw,LS_WILTY_EP2_lie8,63,68
ql3yoGIBlOw,LS_WILTY_EP2_lie9,74,80
ql3yoGIBlOw,LS_WILTY_EP2_lie10,149,154
ql3yoGIBlOw,LS_WILTY_EP2_lie11,160,165
x1aSCd2T13o,LS_WILTY_EP3_truth1,150,154
x1aSCd2T13o,LS_WILTY_EP3_truth2,255,261
x1aSCd2T13o,LS_WILTY_EP3_truth3,266,270
x1aSCd2T13o,LS_WILTY_EP3_truth4,272,277
x1aSCd2T13o,LS_WILTY_EP3_truth5,300,305
x1aSCd2T13o,LS_WILTY_EP3_truth6,323,331
x1aSCd2T13o,LS_WILTY_EP3_lie1,404,408
x1aSCd2T13o,LS_WILTY_EP3_lie2,419,422
x1aSCd2T13o,LS_WILTY_EP3_lie3,430,435
x1aSCd2T13o,LS_WILTY_EP3_lie4,461,465
x1aSCd2T13o,LS_WILTY_EP3_lie5,975,983
x1aSCd2T13o,LS_WILTY_EP3_lie6,1151,1155
x1aSCd2T13o,LS_WILTY_EP3_lie7,1229,1234
x1aSCd2T13o,LS_WILTY_EP3_truth7,1258,1261
x1aSCd2T13o,LS_WILTY_EP3_lie8,1350,1357
x1aSCd2T13o,LS_WILTY_EP3_lie9,1367,1372
x1aSCd2T13o,LS_WILTY_EP3_lie10,1383,1387
x1aSCd2T13o,LS_WILTY_EP3_lie11,55,60
x1aSCd2T13o,LS_WILTY_EP3_lie12,75,81
x1aSCd2T13o,LS_WILTY_EP3_lie13,83,89
x1aSCd2T13o,LS_WILTY_EP3_lie14,136,144
tEYiXt-gw-g,LS_WILTY_EP4_lie1,119,124
tEYiXt-gw-g,LS_WILTY_EP4_lie2,173,178
tEYiXt-gw-g,LS_WILTY_EP4_lie3,255,259
tEYiXt-gw-g,LS_WILTY_EP4_truth1,371,376
tEYiXt-gw-g,LS_WILTY_EP4_truth2,464,473
tEYiXt-gw-g,LS_WILTY_EP4_truth3,752,757
tEYiXt-gw-g,LS_WILTY_EP4_lie4,760,766
tEYiXt-gw-g,LS_WILTY_EP4_lie5,781,785
tEYiXt-gw-g,LS_WILTY_EP4_lie6,797,802
tEYiXt-gw-g,LS_WILTY_EP4_lie7,854,860
tEYiXt-gw-g,LS_WILTY_EP4_lie8,868,873
tEYiXt-gw-g,LS_WILTY_EP4_lie9,876,881
tEYiXt-gw-g,LS_WILTY_EP4_truth4,894,897
tEYiXt-gw-g,LS_WILTY_EP4_truth5,918,921
tEYiXt-gw-g,LS_WILTY_EP4_truth6,1098,1106
tEYiXt-gw-g,LS_WILTY_EP4_truth7,1260,1263
tEYiXt-gw-g,LS_WILTY_EP4_truth8,1290,1293
tEYiXt-gw-g,LS_WILTY_EP4_truth9,1295,1299
tEYiXt-gw-g,LS_WILTY_EP4_truth10,1342,1349
tEYiXt-gw-g,LS_WILTY_EP4_truth11,1369,1373
tEYiXt-gw-g,LS_WILTY_EP4_lie10,1422,1428
tEYiXt-gw-g,LS_WILTY_EP4_lie11,1434,1438
tEYiXt-gw-g,LS_WILTY_EP4_lie12,2,7
tEYiXt-gw-g,LS_WILTY_EP4_lie13,16,20
tEYiXt-gw-g,LS_WILTY_EP4_lie14,30,34
tEYiXt-gw-g,LS_WILTY_EP4_lie15,56,61
tEYiXt-gw-g,LS_WILTY_EP4_lie16,174,180
n4O2BqU4Gug,LS_WILTY_EP5_truth1,140,145
n4O2BqU4Gug,LS_WILTY_EP5_truth2,174,178
n4O2BqU4Gug,LS_WILTY_EP5_truth3,184,187
n4O2BqU4Gug,LS_WILTY_EP5_truth4,218,222
n4O2BqU4Gug,LS_WILTY_EP5_truth5,262,266
n4O2BqU4Gug,LS_WILTY_EP5_truth6,283,287
n4O2BqU4Gug,LS_WILTY_EP5_truth7,288,293
n4O2BqU4Gug,LS_WILTY_EP5_truth8,297,302
n4O2BqU4Gug,LS_WILTY_EP5_lie1,375,378
n4O2BqU4Gug,LS_WILTY_EP5_lie2,408,414
n4O2BqU4Gug,LS_WILTY_EP5_lie3,432,437
n4O2BqU4Gug,LS_WILTY_EP5_lie4,544,548
n4O2BqU4Gug,LS_WILTY_EP5_lie5,736,740
n4O2BqU4Gug,LS_WILTY_EP5_truth9,778,783
n4O2BqU4Gug,LS_WILTY_EP5_lie6,1143,1148
n4O2BqU4Gug,LS_WILTY_EP5_truth10,1317,1325
n4O2BqU4Gug,LS_WILTY_EP5_truth11,1422,1426
n4O2BqU4Gug,LS_WILTY_EP5_truth12,38,42
n4O2BqU4Gug,LS_WILTY_EP5_truth13,50,53
n4O2BqU4Gug,LS_WILTY_EP5_lie7,90,94
n4O2BqU4Gug,LS_WILTY_EP5_truth14,153,157
n4O2BqU4Gug,LS_WILTY_EP5_lie8,212,215
Svljl0kN2HE,LS_WILTY_EP6_truth1,122,125
Svljl0kN2HE,LS_WILTY_EP6_truth2,132,137
Svljl0kN2HE,LS_WILTY_EP6_truth3,168,171
Svljl0kN2HE,LS_WILTY_EP6_truth4,178,184
Svljl0kN2HE,LS_WILTY_EP6_truth5,191,196
Svljl0kN2HE,LS_WILTY_EP6_lie1,279,284
Svljl0kN2HE,LS_WILTY_EP6_lie2,727,731
Svljl0kN2HE,LS_WILTY_EP6_lie3,733,737
Svljl0kN2HE,LS_WILTY_EP6_truth6,745,749
Svljl0kN2HE,LS_WILTY_EP6_lie4,762,766
Svljl0kN2HE,LS_WILTY_EP6_lie5,781,785
Svljl0kN2HE,LS_WILTY_EP6_truth7,1121,1129
Svljl0kN2HE,LS_WILTY_EP6_truth8,1137,1142
Svljl0kN2HE,LS_WILTY_EP6_lie6,1346,1352
Svljl0kN2HE,LS_WILTY_EP6_truth9,137,140
Svljl0kN2HE,LS_WILTY_EP6_truth10,146,153
Svljl0kN2HE,LS_WILTY_EP6_truth11,179,182
E8DlNckBUFQ,LS_WILTY_EP7_truth1,114,118
E8DlNckBUFQ,LS_WILTY_EP7_truth2,155,158
E8DlNckBUFQ,LS_WILTY_EP7_lie1,237,241
E8DlNckBUFQ,LS_WILTY_EP7_lie2,242,245
E8DlNckBUFQ,LS_WILTY_EP7_lie3,299,304
E8DlNckBUFQ,LS_WILTY_EP7_lie4,413,417
E8DlNckBUFQ,LS_WILTY_EP7_lie5,435,440
E8DlNckBUFQ,LS_WILTY_EP7_lie6,478,482
E8DlNckBUFQ,LS_WILTY_EP7_lie7,951,958
E8DlNckBUFQ,LS_WILTY_EP7_truth3,963,969
E8DlNckBUFQ,LS_WILTY_EP7_lie8,973,979
E8DlNckBUFQ,LS_WILTY_EP7_truth4,990,993
E8DlNckBUFQ,LS_WILTY_EP7_truth5,997,1001
E8DlNckBUFQ,LS_WILTY_EP7_lie9,1117,1122
E8DlNckBUFQ,LS_WILTY_EP7_lie10,1147,1151
E8DlNckBUFQ,LS_WILTY_EP7_lie11,1163,1168
E8DlNckBUFQ,LS_WILTY_EP7_lie12,1173,1176
E8DlNckBUFQ,LS_WILTY_EP7_lie13,1191,1199
E8DlNckBUFQ,LS_WILTY_EP7_truth6,1214,1219
E8DlNckBUFQ,LS_WILTY_EP7_truth7,1333,1338
E8DlNckBUFQ,LS_WILTY_EP7_truth8,1358,1361
E8DlNckBUFQ,LS_WILTY_EP7_truth9,1365,1370
E8DlNckBUFQ,LS_WILTY_EP7_truth10,9,13
E8DlNckBUFQ,LS_WILTY_EP7_truth11,92,97
E8DlNckBUFQ,LS_WILTY_EP7_truth12,167,171
E8DlNckBUFQ,LS_WILTY_EP7_truth13,176,179
TnL8Ulfl9aM,LS_WILTY_EP8_lie1,121,127
TnL8Ulfl9aM,LS_WILTY_EP8_lie2,190,193
TnL8Ulfl9aM,LS_WILTY_EP8_lie3,269,275
TnL8Ulfl9aM,LS_WILTY_EP8_lie4,286,291
TnL8Ulfl9aM,LS_WILTY_EP8_lie5,329,334
TnL8Ulfl9aM,LS_WILTY_EP8_truth1,441,445
TnL8Ulfl9aM,LS_WILTY_EP8_truth2,493,496
TnL8Ulfl9aM,LS_WILTY_EP8_truth3,910,914
TnL8Ulfl9aM,LS_WILTY_EP8_lie6,941,945
TnL8Ulfl9aM,LS_WILTY_EP8_truth4,1006,1010
TnL8Ulfl9aM,LS_WILTY_EP8_lie7,1040,1043
TnL8Ulfl9aM,LS_WILTY_EP8_lie8,1064,1068
TnL8Ulfl9aM,LS_WILTY_EP8_lie9,1098,1101
TnL8Ulfl9aM,LS_WILTY_EP8_lie10,1114,1118
TnL8Ulfl9aM,LS_WILTY_EP8_lie11,1122,1126
TnL8Ulfl9aM,LS_WILTY_EP8_lie12,1301,1304
TnL8Ulfl9aM,LS_WILTY_EP8_lie13,17,20
TnL8Ulfl9aM,LS_WILTY_EP8_lie14,83,86
UjeLRqCA53Q,LS_WILTY_EP9_lie1,131,136
UjeLRqCA53Q,LS_WILTY_EP9_lie2,149,152
UjeLRqCA53Q,LS_WILTY_EP9_lie3,155,158
UjeLRqCA53Q,LS_WILTY_EP9_lie4,193,196
UjeLRqCA53Q,LS_WILTY_EP9_lie5,281,285
UjeLRqCA53Q,LS_WILTY_EP9_lie6,294,298
UjeLRqCA53Q,LS_WILTY_EP9_lie7,360,364
UjeLRqCA53Q,LS_WILTY_EP9_truth1,503,507
UjeLRqCA53Q,LS_WILTY_EP9_truth2,514,517
UjeLRqCA53Q,LS_WILTY_EP9_truth3,550,555
UjeLRqCA53Q,LS_WILTY_EP9_truth4,564,569
UjeLRqCA53Q,LS_WILTY_EP9_truth5,572,578
UjeLRqCA53Q,LS_WILTY_EP9_truth6,908,915
UjeLRqCA53Q,LS_WILTY_EP9_lie8,919,925
UjeLRqCA53Q,LS_WILTY_EP9_truth7,981,985
UjeLRqCA53Q,LS_WILTY_EP9_truth8,993,996
UjeLRqCA53Q,LS_WILTY_EP9_lie9,1032,1037
UjeLRqCA53Q,LS_WILTY_EP9_lie10,1061,1065
UjeLRqCA53Q,LS_WILTY_EP9_lie11,1077,1084
UjeLRqCA53Q,LS_WILTY_EP9_lie12,1091,1095
UjeLRqCA53Q,LS_WILTY_EP9_lie13,1132,1135
UjeLRqCA53Q,LS_WILTY_EP9_lie14,1137,1141
UjeLRqCA53Q,LS_WILTY_EP9_lie15,1144,1148
UjeLRqCA53Q,LS_WILTY_EP9_lie16,1156,1160
UjeLRqCA53Q,LS_WILTY_EP9_lie17,1164,1169
UjeLRqCA53Q,LS_WILTY_EP9_lie18,1338,1341
UjeLRqCA53Q,LS_WILTY_EP9_lie19,1381,1384
UjeLRqCA53Q,LS_WILTY_EP9_truth9,1431,1435
UjeLRqCA53Q,LS_WILTY_EP9_truth10,92,96
UjeLRqCA53Q,LS_WILTY_EP9_lie20,129,134
UjeLRqCA53Q,LS_WILTY_EP9_lie21,158,161
gslBhWkBAlk,LS_WILTY_EP10_truth1,119,124
gslBhWkBAlk,LS_WILTY_EP10_truth2,132,135
gslBhWkBAlk,LS_WILTY_EP10_truth3,139,144
gslBhWkBAlk,LS_WILTY_EP10_truth4,155,159
gslBhWkBAlk,LS_WILTY_EP10_lie1,265,270
gslBhWkBAlk,LS_WILTY_EP10_lie2,295,300
gslBhWkBAlk,LS_WILTY_EP10_lie3,308,311
gslBhWkBAlk,LS_WILTY_EP10_lie4,332,336
gslBhWkBAlk,LS_WILTY_EP10_lie5,541,545
gslBhWkBAlk,LS_WILTY_EP10_lie6,956,959
gslBhWkBAlk,LS_WILTY_EP10_lie7,982,986
gslBhWkBAlk,LS_WILTY_EP10_lie8,989,995
gslBhWkBAlk,LS_WILTY_EP10_lie9,998,1004
gslBhWkBAlk,LS_WILTY_EP10_truth5,1022,1027
gslBhWkBAlk,LS_WILTY_EP10_truth6,1035,1041
gslBhWkBAlk,LS_WILTY_EP10_lie10,1103,1106
gslBhWkBAlk,LS_WILTY_EP10_lie11,1110,1115
gslBhWkBAlk,LS_WILTY_EP10_truth7,1292,1295
gslBhWkBAlk,LS_WILTY_EP10_truth8,1297,1301
gslBhWkBAlk,LS_WILTY_EP10_truth9,1325,1328
gslBhWkBAlk,LS_WILTY_EP10_lie12,1405,1410
gslBhWkBAlk,LS_WILTY_EP10_lie13,17,21
gslBhWkBAlk,LS_WILTY_EP10_lie14,102,105
gslBhWkBAlk,LS_WILTY_EP10_lie15,131,135
4vSoZTZ2Oqs,LS_WILTY_EP11_lie1,109,114
4vSoZTZ2Oqs,LS_WILTY_EP11_truth1,244,250
4vSoZTZ2Oqs,LS_WILTY_EP11_truth2,254,258
4vSoZTZ2Oqs,LS_WILTY_EP11_truth3,267,272
4vSoZTZ2Oqs,LS_WILTY_EP11_truth4,321,325
4vSoZTZ2Oqs,LS_WILTY_EP11_truth5,335,338
4vSoZTZ2Oqs,LS_WILTY_EP11_lie2,397,404
4vSoZTZ2Oqs,LS_WILTY_EP11_lie3,414,420
4vSoZTZ2Oqs,LS_WILTY_EP11_lie4,480,484
4vSoZTZ2Oqs,LS_WILTY_EP11_lie5,497,500
4vSoZTZ2Oqs,LS_WILTY_EP11_lie6,926,931
4vSoZTZ2Oqs,LS_WILTY_EP11_truth6,940,946
4vSoZTZ2Oqs,LS_WILTY_EP11_lie7,950,955
4vSoZTZ2Oqs,LS_WILTY_EP11_lie8,979,983
4vSoZTZ2Oqs,LS_WILTY_EP11_lie9,993,997
4vSoZTZ2Oqs,LS_WILTY_EP11_lie10,1128,1133
4vSoZTZ2Oqs,LS_WILTY_EP11_truth7,1198,1201
4vSoZTZ2Oqs,LS_WILTY_EP11_lie11,1355,1358
4vSoZTZ2Oqs,LS_WILTY_EP11_lie12,1373,1378
4vSoZTZ2Oqs,LS_WILTY_EP11_lie13,1410,1413
4vSoZTZ2Oqs,LS_WILTY_EP11_truth8,17,20
4vSoZTZ2Oqs,LS_WILTY_EP11_truth9,66,70
4vSoZTZ2Oqs,LS_WILTY_EP11_lie14,145,150
4vSoZTZ2Oqs,LS_WILTY_EP11_lie15,175,178
4vSoZTZ2Oqs,LS_WILTY_EP11_lie16,182,187
VnYU4zQaE1c,LS_WILTY_EP12_lie1,118,123
VnYU4zQaE1c,LS_WILTY_EP12_lie2,128,132
VnYU4zQaE1c,LS_WILTY_EP12_lie3,258,261
VnYU4zQaE1c,LS_WILTY_EP12_lie4,278,281
VnYU4zQaE1c,LS_WILTY_EP12_lie5,308,314
VnYU4zQaE1c,LS_WILTY_EP12_truth1,371,375
VnYU4zQaE1c,LS_WILTY_EP12_truth2,436,439
VnYU4zQaE1c,LS_WILTY_EP12_truth3,448,452
VnYU4zQaE1c,LS_WILTY_EP12_lie6,742,746
VnYU4zQaE1c,LS_WILTY_EP12_truth4,757,761
VnYU4zQaE1c,LS_WILTY_EP12_lie7,764,769
VnYU4zQaE1c,LS_WILTY_EP12_lie8,798,803
VnYU4zQaE1c,LS_WILTY_EP12_truth5,915,919
VnYU4zQaE1c,LS_WILTY_EP12_lie9,960,964
VnYU4zQaE1c,LS_WILTY_EP12_lie10,967,972
VnYU4zQaE1c,LS_WILTY_EP12_lie11,982,986
VnYU4zQaE1c,LS_WILTY_EP12_lie12,1136,1139
VnYU4zQaE1c,LS_WILTY_EP12_lie13,1179,1185
VnYU4zQaE1c,LS_WILTY_EP12_lie14,1285,1289
VnYU4zQaE1c,LS_WILTY_EP12_truth6,30,33
VnYU4zQaE1c,LS_WILTY_EP12_lie15,97,101
VnYU4zQaE1c,LS_WILTY_EP12_lie16,114,120
VnYU4zQaE1c,LS_WILTY_EP12_lie17,143,146
aHcPRcWMB1c,LS_WILTY_EP13_truth1,111,118
aHcPRcWMB1c,LS_WILTY_EP13_truth2,130,135
aHcPRcWMB1c,LS_WILTY_EP13_truth3,163,168
aHcPRcWMB1c,LS_WILTY_EP13_lie1,261,264
aHcPRcWMB1c,LS_WILTY_EP13_lie2,309,314
aHcPRcWMB1c,LS_WILTY_EP13_lie3,353,359
aHcPRcWMB1c,LS_WILTY_EP13_lie4,381,384
aHcPRcWMB1c,LS_WILTY_EP13_lie5,400,404
aHcPRcWMB1c,LS_WILTY_EP13_lie6,447,451
aHcPRcWMB1c,LS_WILTY_EP13_truth4,863,868
aHcPRcWMB1c,LS_WILTY_EP13_lie7,902,907
aHcPRcWMB1c,LS_WILTY_EP13_lie8,936,941
aHcPRcWMB1c,LS_WILTY_EP13_lie9,988,991
aHcPRcWMB1c,LS_WILTY_EP13_lie10,996,1001
aHcPRcWMB1c,LS_WILTY_EP13_truth5,1032,1035
aHcPRcWMB1c,LS_WILTY_EP13_truth6,1229,1234
aHcPRcWMB1c,LS_WILTY_EP13_truth7,1366,1371
aHcPRcWMB1c,LS_WILTY_EP13_lie12,27,31
aHcPRcWMB1c,LS_WILTY_EP13_lie13,38,42
aHcPRcWMB1c,LS_WILTY_EP13_truth8,167,172
aHcPRcWMB1c,LS_WILTY_EP13_truth9,182,187
aHcPRcWMB1c,LS_WILTY_EP13_truth10,192,197
aHcPRcWMB1c,LS_WILTY_EP13_truth11,199,203
Y4RQe_4yeSo,LS_WILTY_EP14_lie1,108,113
Y4RQe_4yeSo,LS_WILTY_EP14_lie2,242,247
Y4RQe_4yeSo,LS_WILTY_EP14_lie3,345,349
Y4RQe_4yeSo,LS_WILTY_EP14_truth1,452,456
Y4RQe_4yeSo,LS_WILTY_EP14_truth2,501,506
Y4RQe_4yeSo,LS_WILTY_EP14_truth3,512,515
Y4RQe_4yeSo,LS_WILTY_EP14_truth4,894,898
Y4RQe_4yeSo,LS_WILTY_EP14_lie4,918,923
Y4RQe_4yeSo,LS_WILTY_EP14_lie5,1061,1065
Y4RQe_4yeSo,LS_WILTY_EP14_lie6,1074,1078
Y4RQe_4yeSo,LS_WILTY_EP14_truth5,1100,1103
Y4RQe_4yeSo,LS_WILTY_EP14_truth6,1106,1110
Y4RQe_4yeSo,LS_WILTY_EP14_lie7,1256,1259
Y4RQe_4yeSo,LS_WILTY_EP14_lie8,1268,1271
Y4RQe_4yeSo,LS_WILTY_EP14_lie9,1302,1305
Y4RQe_4yeSo,LS_WILTY_EP14_lie10,1307,1311
Y4RQe_4yeSo,LS_WILTY_EP14_truth7,1342,1348
Y4RQe_4yeSo,LS_WILTY_EP14_truth8,1368,1371
Y4RQe_4yeSo,LS_WILTY_EP14_truth9,1396,1401
Y4RQe_4yeSo,LS_WILTY_EP14_truth10,24,28
Y4RQe_4yeSo,LS_WILTY_EP14_lie11,140,145
SG1B36dxeJ0,BRI_WILTY_EP57_truth_1,109,113
SG1B36dxeJ0,BRI_WILTY_EP57_truth_2,165,171
SG1B36dxeJ0,BRI_WILTY_EP57_truth_3,187,190
SG1B36dxeJ0,BRI_WILTY_EP57_truth_4,432,436
SG1B36dxeJ0,BRI_WILTY_EP57_truth_5,450,453
SG1B36dxeJ0,BRI_WILTY_EP57_truth_6,460,465
SG1B36dxeJ0,BRI_WILTY_EP57_truth_7,474,478
SG1B36dxeJ0,BRI_WILTY_EP57_truth_8,481,484
SG1B36dxeJ0,BRI_WILTY_EP57_truth_9,715,720
SG1B36dxeJ0,BRI_WILTY_EP57_lie_10,727,730
SG1B36dxeJ0,BRI_WILTY_EP57_lie_11,739,744
SG1B36dxeJ0,BRI_WILTY_EP57_truth_12,760,769
SG1B36dxeJ0,BRI_WILTY_EP57_truth_13,771,774
SG1B36dxeJ0,BRI_WILTY_EP57_truth_14,846,852
SG1B36dxeJ0,BRI_WILTY_EP57_truth_15,854,857
SG1B36dxeJ0,BRI_WILTY_EP57_lie_16,881,887
SG1B36dxeJ0,BRI_WILTY_EP57_lie_17,898,903
SG1B36dxeJ0,BRI_WILTY_EP57_lie_18,912,916
SG1B36dxeJ0,BRI_WILTY_EP57_lie_19,919,925
SG1B36dxeJ0,BRI_WILTY_EP57_lie_20,958,962
SG1B36dxeJ0,BRI_WILTY_EP57_lie_21,985,988
SG1B36dxeJ0,BRI_WILTY_EP57_lie_22,1004,1008
SG1B36dxeJ0,BRI_WILTY_EP57_lie_23,1028,1033
SG1B36dxeJ0,BRI_WILTY_EP57_truth_24,1231,1234
SG1B36dxeJ0,BRI_WILTY_EP57_truth_25,1236,1240
SG1B36dxeJ0,BRI_WILTY_EP57_truth_26,1252,1255
SG1B36dxeJ0,BRI_WILTY_EP57_truth_27,1259,1264
SG1B36dxeJ0,BRI_WILTY_EP57_truth_28,1279,1282
SG1B36dxeJ0,BRI_WILTY_EP57_truth_29,1292,1297
SG1B36dxeJ0,BRI_WILTY_EP57_truth_30,1299,1304
SG1B36dxeJ0,BRI_WILTY_EP57_truth_31,181,184
SG1B36dxeJ0,BRI_WILTY_EP57_truth_32,202,206
7fWdlSdE9Fo,BRI_WILTY_EP58_lie_1,107,116
7fWdlSdE9Fo,BRI_WILTY_EP58_lie_2,131,134
7fWdlSdE9Fo,BRI_WILTY_EP58_lie_3,172,176
7fWdlSdE9Fo,BRI_WILTY_EP58_lie_4,182,189
7fWdlSdE9Fo,BRI_WILTY_EP58_truth_5,326,330
7fWdlSdE9Fo,BRI_WILTY_EP58_truth_6,339,342
7fWdlSdE9Fo,BRI_WILTY_EP58_truth_7,357,363
7fWdlSdE9Fo,BRI_WILTY_EP58_truth_8,366,370
7fWdlSdE9Fo,BRI_WILTY_EP58_truth_9,384,390
7fWdlSdE9Fo,BRI_WILTY_EP58_truth_10,464,470
7fWdlSdE9Fo,BRI_WILTY_EP58_truth_11,534,541
7fWdlSdE9Fo,BRI_WILTY_EP58_truth_12,560,569
7fWdlSdE9Fo,BRI_WILTY_EP58_truth_13,607,611
7fWdlSdE9Fo,BRI_WILTY_EP58_truth_14,656,663
7fWdlSdE9Fo,BRI_WILTY_EP58_lie_15,750,759
7fWdlSdE9Fo,BRI_WILTY_EP58_lie_16,769,773
7fWdlSdE9Fo,BRI_WILTY_EP58_lie_17,778,781
7fWdlSdE9Fo,BRI_WILTY_EP58_lie_18,801,805
7fWdlSdE9Fo,BRI_WILTY_EP58_lie_19,1016,1023
7fWdlSdE9Fo,BRI_WILTY_EP58_truth_20,1032,1038
7fWdlSdE9Fo,BRI_WILTY_EP58_lie_21,1042,1048
7fWdlSdE9Fo,BRI_WILTY_EP58_lie_22,1048,1053
7fWdlSdE9Fo,BRI_WILTY_EP58_lie_23,1061,1065
7fWdlSdE9Fo,BRI_WILTY_EP58_lie_24,1131,1138
7fWdlSdE9Fo,BRI_WILTY_EP58_lie_25,1162,1171
7fWdlSdE9Fo,BRI_WILTY_EP58_lie_26,1193,1199
7fWdlSdE9Fo,BRI_WILTY_EP58_lie_27,1202,1208
7fWdlSdE9Fo,BRI_WILTY_EP58_lie_28,1217,1224
7fWdlSdE9Fo,BRI_WILTY_EP58_truth_29,1296,1301
7fWdlSdE9Fo,BRI_WILTY_EP58_lie_30,1432,1435
7fWdlSdE9Fo,BRI_WILTY_EP58_lie_31,2,8
7fWdlSdE9Fo,BRI_WILTY_EP58_lie_32,13,16
7fWdlSdE9Fo,BRI_WILTY_EP58_lie_33,40,43
7fWdlSdE9Fo,BRI_WILTY_EP58_lie_34,155,160
K_dUfIegnis,BRI_WILTY_EP59_truth_1,101,109
K_dUfIegnis,BRI_WILTY_EP59_truth_2,113,117
K_dUfIegnis,BRI_WILTY_EP59_truth_3,129,137
K_dUfIegnis,BRI_WILTY_EP59_truth_4,146,149
K_dUfIegnis,BRI_WILTY_EP59_truth_5,157,165
K_dUfIegnis,BRI_WILTY_EP59_truth_6,176,181
K_dUfIegnis,BRI_WILTY_EP59_truth_7,230,233
K_dUfIegnis,BRI_WILTY_EP59_truth_8,313,323
K_dUfIegnis,BRI_WILTY_EP59_truth_9,352,359
K_dUfIegnis,BRI_WILTY_EP59_lie_10,571,579
K_dUfIegnis,BRI_WILTY_EP59_lie_11,586,591
K_dUfIegnis,BRI_WILTY_EP59_truth_12,596,602
K_dUfIegnis,BRI_WILTY_EP59_lie_13,621,626
K_dUfIegnis,BRI_WILTY_EP59_lie_14,665,668
K_dUfIegnis,BRI_WILTY_EP59_lie_15,793,797
K_dUfIegnis,BRI_WILTY_EP59_lie_16,892,899
K_dUfIegnis,BRI_WILTY_EP59_truth_17,946,951
K_dUfIegnis,BRI_WILTY_EP59_truth_18,952,957
K_dUfIegnis,BRI_WILTY_EP59_truth_19,961,969
K_dUfIegnis,BRI_WILTY_EP59_deception_20,1182,1191
K_dUfIegnis,BRI_WILTY_EP59_deception_21,1216,1221
K_dUfIegnis,BRI_WILTY_EP59_deception_22,1235,1240
K_dUfIegnis,BRI_WILTY_EP59_deception_23,1248,1251
K_dUfIegnis,BRI_WILTY_EP59_deception_24,1320,1326
K_dUfIegnis,BRI_WILTY_EP59_deception_25,139,142
K_dUfIegnis,BRI_WILTY_EP59_deception_26,190,194
4er8rBrelyw,BRI_WILTY_EP60_truth_1,118,122
4er8rBrelyw,BRI_WILTY_EP60_truth_2,199,203
4er8rBrelyw,BRI_WILTY_EP60_truth_3,394,398
4er8rBrelyw,BRI_WILTY_EP60_truth_4,510,513
4er8rBrelyw,BRI_WILTY_EP60_truth_5,626,631
4er8rBrelyw,BRI_WILTY_EP60_truth_6,634,637
4er8rBrelyw,BRI_WILTY_EP60_truth_7,764,768
4er8rBrelyw,BRI_WILTY_EP60_lie_8,772,778
4er8rBrelyw,BRI_WILTY_EP60_lie_9,790,797
4er8rBrelyw,BRI_WILTY_EP60_truth_10,823,826
4er8rBrelyw,BRI_WILTY_EP60_truth_11,865,869
4er8rBrelyw,BRI_WILTY_EP60_truth_12,897,901
4er8rBrelyw,BRI_WILTY_EP60_lie_13,940,944
4er8rBrelyw,BRI_WILTY_EP60_lie_14,952,956
4er8rBrelyw,BRI_WILTY_EP60_lie_15,964,971
4er8rBrelyw,BRI_WILTY_EP60_lie_16,1012,1017
4er8rBrelyw,BRI_WILTY_EP60_lie_17,1048,1056
4er8rBrelyw,BRI_WILTY_EP60_lie_18,1078,1082
4er8rBrelyw,BRI_WILTY_EP60_lie_19,1125,1129
4er8rBrelyw,BRI_WILTY_EP60_lie_20,1232,1235
4er8rBrelyw,BRI_WILTY_EP60_lie_21,1254,1257
4er8rBrelyw,BRI_WILTY_EP60_lie_22,1406,1411
4er8rBrelyw,BRI_WILTY_EP60_lie_23,71,74
4er8rBrelyw,BRI_WILTY_EP60_lie_24,94,100
vbsNrE6Oocs,BRI_WILTY_EP61_lie_1,108,113
vbsNrE6Oocs,BRI_WILTY_EP61_lie_2,116,119
vbsNrE6Oocs,BRI_WILTY_EP61_lie_3,125,128
vbsNrE6Oocs,BRI_WILTY_EP61_lie_4,155,158
vbsNrE6Oocs,BRI_WILTY_EP61_lie_5,163,167
vbsNrE6Oocs,BRI_WILTY_EP61_lie_6,180,184
vbsNrE6Oocs,BRI_WILTY_EP61_lie_7,227,232
vbsNrE6Oocs,BRI_WILTY_EP61_lie_8,268,271
vbsNrE6Oocs,BRI_WILTY_EP61_truth_9,340,346
vbsNrE6Oocs,BRI_WILTY_EP61_truth_10,390,398
vbsNrE6Oocs,BRI_WILTY_EP61_truth_11,442,447
vbsNrE6Oocs,BRI_WILTY_EP61_truth_12,465,467
vbsNrE6Oocs,BRI_WILTY_EP61_truth_13,537,546
vbsNrE6Oocs,BRI_WILTY_EP61_truth_14,577,581
vbsNrE6Oocs,BRI_WILTY_EP61_truth_15,585,588
vbsNrE6Oocs,BRI_WILTY_EP61_truth_16,614,621
vbsNrE6Oocs,BRI_WILTY_EP61_truth_17,776,784
vbsNrE6Oocs,BRI_WILTY_EP61_lie_18,802,808
vbsNrE6Oocs,BRI_WILTY_EP61_truth_19,868,875
vbsNrE6Oocs,BRI_WILTY_EP61_truth_20,906,911
vbsNrE6Oocs,BRI_WILTY_EP61_truth_21,913,917
vbsNrE6Oocs,BRI_WILTY_EP61_lie_23,948,954
vbsNrE6Oocs,BRI_WILTY_EP61_lie_24,961,965
vbsNrE6Oocs,BRI_WILTY_EP61_lie_25,968,972
vbsNrE6Oocs,BRI_WILTY_EP61_lie_26,978,984
vbsNrE6Oocs,BRI_WILTY_EP61_lie_27,1095,1098
vbsNrE6Oocs,BRI_WILTY_EP61_lie_28,1133,1137
vbsNrE6Oocs,BRI_WILTY_EP61_lie_29,1145,1154
vbsNrE6Oocs,BRI_WILTY_EP61_lie_30,1189,1192
vbsNrE6Oocs,BRI_WILTY_EP61_lie_31,1194,1200
vbsNrE6Oocs,BRI_WILTY_EP61_lie_32,1204,1209
vbsNrE6Oocs,BRI_WILTY_EP61_truth_33,1346,1355
vbsNrE6Oocs,BRI_WILTY_EP61_truth_34,1364,1370
vbsNrE6Oocs,BRI_WILTY_EP61_truth_35,1378,1382
vbsNrE6Oocs,BRI_WILTY_EP61_lie_36,20,61
vbsNrE6Oocs,BRI_WILTY_EP61_lie_37,80,83
jflRZk9V_qY,BRI_WILTY_EP62_truth_1,107,111
jflRZk9V_qY,BRI_WILTY_EP62_truth_2,136,139
jflRZk9V_qY,BRI_WILTY_EP62_truth_3,168,173
jflRZk9V_qY,BRI_WILTY_EP62_truth_4,221,224
jflRZk9V_qY,BRI_WILTY_EP62_truth_5,258,262
jflRZk9V_qY,BRI_WILTY_EP62_truth_6,390,393
jflRZk9V_qY,BRI_WILTY_EP62_truth_7,432,435
jflRZk9V_qY,BRI_WILTY_EP62_truth_8,454,457
jflRZk9V_qY,BRI_WILTY_EP62_truth_9,520,524
jflRZk9V_qY,BRI_WILTY_EP62_truth_10,560,564
jflRZk9V_qY,BRI_WILTY_EP62_truth_11,571,578
jflRZk9V_qY,BRI_WILTY_EP62_truth_12,622,626
jflRZk9V_qY,BRI_WILTY_EP62_truth_13,732,741
jflRZk9V_qY,BRI_WILTY_EP62_lie_14,743,752
jflRZk9V_qY,BRI_WILTY_EP62_lie_15,771,774
jflRZk9V_qY,BRI_WILTY_EP62_lie_16,777,780
jflRZk9V_qY,BRI_WILTY_EP62_lie_17,820,824
jflRZk9V_qY,BRI_WILTY_EP62_lie_18,827,833
jflRZk9V_qY,BRI_WILTY_EP62_truth_19,909,913
jflRZk9V_qY,BRI_WILTY_EP62_truth_20,926,930
jflRZk9V_qY,BRI_WILTY_EP62_truth_21,979,988
jflRZk9V_qY,BRI_WILTY_EP62_truth_22,1013,1016
jflRZk9V_qY,BRI_WILTY_EP62_truth_23,1032,1041
jflRZk9V_qY,BRI_WILTY_EP62_lie_24,1172,1177
jflRZk9V_qY,BRI_WILTY_EP62_lie_25,1196,1204
jflRZk9V_qY,BRI_WILTY_EP62_lie_26,1223,1231
jflRZk9V_qY,BRI_WILTY_EP62_lie_27,1250,1259
jflRZk9V_qY,BRI_WILTY_EP62_lie_28,1262,1270
jflRZk9V_qY,BRI_WILTY_EP62_lie_29,1399,1403
jflRZk9V_qY,BRI_WILTY_EP62_lie_30,1407,1410
jflRZk9V_qY,BRI_WILTY_EP62_truth_31,165,168
4iznh63xL44,BRI_WILTY_EP63_truth_1,119,124
4iznh63xL44,BRI_WILTY_EP63_truth_2,167,170
4iznh63xL44,BRI_WILTY_EP63_truth_3,208,213
4iznh63xL44,BRI_WILTY_EP63_truth_4,237,242
4iznh63xL44,BRI_WILTY_EP63_truth_5,251,256
4iznh63xL44,BRI_WILTY_EP63_truth_6,264,267
4iznh63xL44,BRI_WILTY_EP63_truth_7,315,321
4iznh63xL44,BRI_WILTY_EP63_truth_8,327,331
4iznh63xL44,BRI_WILTY_EP63_truth_9,339,343
4iznh63xL44,BRI_WILTY_EP63_truth_10,386,390
4iznh63xL44,BRI_WILTY_EP63_truth_11,396,400
4iznh63xL44,BRI_WILTY_EP63_truth_12,407,411
4iznh63xL44,BRI_WILTY_EP63_truth_13,419,427
4iznh63xL44,BRI_WILTY_EP63_truth_14,442,450
4iznh63xL44,BRI_WILTY_EP63_truth_15,458,461
4iznh63xL44,BRI_WILTY_EP63_truth_16,483,487
4iznh63xL44,BRI_WILTY_EP63_truth_17,514,519
4iznh63xL44,BRI_WILTY_EP63_truth_18,534,540
4iznh63xL44,BRI_WILTY_EP63_truth_19,541,543
4iznh63xL44,BRI_WILTY_EP63_truth_20,556,560
4iznh63xL44,BRI_WILTY_EP63_truth_21,565,568
4iznh63xL44,BRI_WILTY_EP63_truth_22,605,610
4iznh63xL44,BRI_WILTY_EP63_truth_23,646,652
4iznh63xL44,BRI_WILTY_EP63_truth_24,665,669
4iznh63xL44,BRI_WILTY_EP63_lie_25,771,776
4iznh63xL44,BRI_WILTY_EP63_truth_26,789,795
4iznh63xL44,BRI_WILTY_EP63_lie_27,799,802
4iznh63xL44,BRI_WILTY_EP63_lie_29,1037,1044
4iznh63xL44,BRI_WILTY_EP63_lie_30,1073,1081
4iznh63xL44,BRI_WILTY_EP63_truth_31,1322,1325
MZ_p8qaG08o,BRI_WILTY_EP64_truth_1,125,130
MZ_p8qaG08o,BRI_WILTY_EP64_truth_2,141,146
MZ_p8qaG08o,BRI_WILTY_EP64_truth_3,160,164
MZ_p8qaG08o,BRI_WILTY_EP64_truth_4,241,244
MZ_p8qaG08o,BRI_WILTY_EP64_truth_5,273,276
MZ_p8qaG08o,BRI_WILTY_EP64_truth_6,444,450
MZ_p8qaG08o,BRI_WILTY_EP64_truth_7,470,473
MZ_p8qaG08o,BRI_WILTY_EP64_truth_8,507,511
MZ_p8qaG08o,BRI_WILTY_EP64_truth_9,521,525
MZ_p8qaG08o,BRI_WILTY_EP64_lie_10,721,727
MZ_p8qaG08o,BRI_WILTY_EP64_lie_11,731,737
MZ_p8qaG08o,BRI_WILTY_EP64_truth_12,745,753
MZ_p8qaG08o,BRI_WILTY_EP64_lie_13,769,772
MZ_p8qaG08o,BRI_WILTY_EP64_lie_14,800,806
MZ_p8qaG08o,BRI_WILTY_EP64_lie_15,939,942
MZ_p8qaG08o,BRI_WILTY_EP64_truth_16,994,999
MZ_p8qaG08o,BRI_WILTY_EP64_truth_17,1008,1012
MZ_p8qaG08o,BRI_WILTY_EP64_truth_18,1058,1066
MZ_p8qaG08o,BRI_WILTY_EP64_truth_19,1081,1086
MZ_p8qaG08o,BRI_WILTY_EP64_truth_20,1099,1105
MZ_p8qaG08o,BRI_WILTY_EP64_lie_21,1263,1266
MZ_p8qaG08o,BRI_WILTY_EP64_lie_22,8,13
MZ_p8qaG08o,BRI_WILTY_EP64_lie_23,16,21
MZ_p8qaG08o,BRI_WILTY_EP64_lie_24,83,87
Bo6sN8TmAUk,BRI_WILTY_EP65_truth_1,129,135
Bo6sN8TmAUk,BRI_WILTY_EP65_truth_2,136,141
Bo6sN8TmAUk,BRI_WILTY_EP65_truth_3,181,185
Bo6sN8TmAUk,BRI_WILTY_EP65_truth_4,219,225
Bo6sN8TmAUk,BRI_WILTY_EP65_truth_5,250,256
Bo6sN8TmAUk,BRI_WILTY_EP65_truth_6,261,265
Bo6sN8TmAUk,BRI_WILTY_EP65_truth_7,268,271
Bo6sN8TmAUk,BRI_WILTY_EP65_lie_8,408,415
Bo6sN8TmAUk,BRI_WILTY_EP65_lie_9,418,423
Bo6sN8TmAUk,BRI_WILTY_EP65_lie_10,444,448
Bo6sN8TmAUk,BRI_WILTY_EP65_lie_11,521,526
Bo6sN8TmAUk,BRI_WILTY_EP65_lie_12,787,792
Bo6sN8TmAUk,BRI_WILTY_EP65_truth_13,923,928
Bo6sN8TmAUk,BRI_WILTY_EP65_truth_14,934,940
Bo6sN8TmAUk,BRI_WILTY_EP65_lie_15,990,993
Bo6sN8TmAUk,BRI_WILTY_EP65_truth_16,1299,1305
Bo6sN8TmAUk,BRI_WILTY_EP65_lie_17,192,196
Bo6sN8TmAUk,BRI_WILTY_EP65_lie_18,208,211
JyqdXpgnDNo,BRI_WILTY_EP66_truth_1,110,118
JyqdXpgnDNo,BRI_WILTY_EP66_truth_2,130,133
JyqdXpgnDNo,BRI_WILTY_EP66_truth_3,138,142
JyqdXpgnDNo,BRI_WILTY_EP66_truth_4,159,166
JyqdXpgnDNo,BRI_WILTY_EP66_truth_5,200,207
JyqdXpgnDNo,BRI_WILTY_EP66_truth_6,230,240
JyqdXpgnDNo,BRI_WILTY_EP66_truth_7,249,258
JyqdXpgnDNo,BRI_WILTY_EP66_truth_8,350,358
JyqdXpgnDNo,BRI_WILTY_EP66_truth_9,404,409
JyqdXpgnDNo,BRI_WILTY_EP66_lie_10,744,752
JyqdXpgnDNo,BRI_WILTY_EP66_lie_11,767,772
JyqdXpgnDNo,BRI_WILTY_EP66_lie_12,796,803
JyqdXpgnDNo,BRI_WILTY_EP66_truth_13,1416,1424
JyqdXpgnDNo,BRI_WILTY_EP66_truth_14,1430,1435
JyqdXpgnDNo,BRI_WILTY_EP66_truth_16,17,20
JyqdXpgnDNo,BRI_WILTY_EP66_truth_17,40,48
JyqdXpgnDNo,BRI_WILTY_EP66_truth_18,50,55
JyqdXpgnDNo,BRI_WILTY_EP66_truth_19,90,98
JOqMqNlhLOI,BRI_WILTY_EP67_lie_1,92,101
JOqMqNlhLOI,BRI_WILTY_EP67_lie_2,116,120
JOqMqNlhLOI,BRI_WILTY_EP67_lie_3,134,142
JOqMqNlhLOI,BRI_WILTY_EP67_lie_4,250,255
JOqMqNlhLOI,BRI_WILTY_EP67_lie_5,277,282
JOqMqNlhLOI,BRI_WILTY_EP67_truth_6,384,388
JOqMqNlhLOI,BRI_WILTY_EP67_truth_7,410,418
JOqMqNlhLOI,BRI_WILTY_EP67_lie_8,677,685
JOqMqNlhLOI,BRI_WILTY_EP67_truth_9,687,696
JOqMqNlhLOI,BRI_WILTY_EP67_lie_10,699,708
JOqMqNlhLOI,BRI_WILTY_EP67_truth_11,725,730
JOqMqNlhLOI,BRI_WILTY_EP67_lie_12,791,797
JOqMqNlhLOI,BRI_WILTY_EP67_lie_13,854,862
JOqMqNlhLOI,BRI_WILTY_EP67_truth_14,1192,1199
JOqMqNlhLOI,BRI_WILTY_EP67_truth_15,1238,1243
JOqMqNlhLOI,BRI_WILTY_EP67_truth_16,1250,1256
HPlXvaGFJ3I,BRI_WILTY_EP68_lie_1,72,79
HPlXvaGFJ3I,BRI_WILTY_EP68_lie_2,92,96
HPlXvaGFJ3I,BRI_WILTY_EP68_lie_3,127,134
HPlXvaGFJ3I,BRI_WILTY_EP68_truth_4,564,570
HPlXvaGFJ3I,BRI_WILTY_EP68_lie_5,575,581
HPlXvaGFJ3I,BRI_WILTY_EP68_lie_6,584,590
HPlXvaGFJ3I,BRI_WILTY_EP68_truth_7,616,621
HPlXvaGFJ3I,BRI_WILTY_EP68_truth_8,673,678
HPlXvaGFJ3I,BRI_WILTY_EP68_truth_9,760,765
HPlXvaGFJ3I,BRI_WILTY_EP68_lie_10,824,830
HPlXvaGFJ3I,BRI_WILTY_EP68_truth_11,1186,1194
HPlXvaGFJ3I,BRI_WILTY_EP68_truth_12,1215,1218
HPlXvaGFJ3I,BRI_WILTY_EP68_truth_13,1253,1258
HPlXvaGFJ3I,BRI_WILTY_EP68_truth_14,1270,1277
HPlXvaGFJ3I,BRI_WILTY_EP68_lie_15,1385,1392
HPlXvaGFJ3I,BRI_WILTY_EP68_lie_16,1394,1398
HPlXvaGFJ3I,BRI_WILTY_EP68_lie_17,1411,1416
HPlXvaGFJ3I,BRI_WILTY_EP68_lie_19,59,67
HPlXvaGFJ3I,BRI_WILTY_EP68_lie_20,87,98
HPlXvaGFJ3I,BRI_WILTY_EP68_lie_21,104,112
YOw1CSQ1Kro,BRI_WILTY_EP69_lie_1,118,128
YOw1CSQ1Kro,BRI_WILTY_EP69_lie_2,153,158
YOw1CSQ1Kro,BRI_WILTY_EP69_lie_3,161,167
YOw1CSQ1Kro,BRI_WILTY_EP69_truth_4,365,370
YOw1CSQ1Kro,BRI_WILTY_EP69_truth_5,393,400
YOw1CSQ1Kro,BRI_WILTY_EP69_truth_6,541,546
YOw1CSQ1Kro,BRI_WILTY_EP69_lie_8,549,558
YOw1CSQ1Kro,BRI_WILTY_EP69_lie_9,563,572
YOw1CSQ1Kro,BRI_WILTY_EP69_truth_10,589,593
YOw1CSQ1Kro,BRI_WILTY_EP69_truth_11,608,612
YOw1CSQ1Kro,BRI_WILTY_EP69_lie_12,696,700
YOw1CSQ1Kro,BRI_WILTY_EP69_lie_13,809,813
YOw1CSQ1Kro,BRI_WILTY_EP69_lie_14,823,830
YOw1CSQ1Kro,BRI_WILTY_EP69_lie_15,838,842
YOw1CSQ1Kro,BRI_WILTY_EP69_lie_16,879,885
YOw1CSQ1Kro,BRI_WILTY_EP69_lie_17,938,944
YOw1CSQ1Kro,BRI_WILTY_EP69_lie_18,963,968
YOw1CSQ1Kro,BRI_WILTY_EP69_lie_19,1095,1102
YOw1CSQ1Kro,BRI_WILTY_EP69_lie_20,1107,1110
YOw1CSQ1Kro,BRI_WILTY_EP69_lie_21,1135,1139
YOw1CSQ1Kro,BRI_WILTY_EP69_truth_22,1293,1303
YOw1CSQ1Kro,BRI_WILTY_EP69_truth_23,1331,1336
YOw1CSQ1Kro,BRI_WILTY_EP69_truth_24,27,38
YOw1CSQ1Kro,BRI_WILTY_EP69_truth_25,47,52
YOw1CSQ1Kro,BRI_WILTY_EP69_truth_26,75,82
UOaPxUeJA3I,YW_WILTY_EP70_truth1,102,109
UOaPxUeJA3I,YW_WILTY_EP70_truth2,117,120
UOaPxUeJA3I,YW_WILTY_EP70_truth3,124,127
UOaPxUeJA3I,YW_WILTY_EP70_truth4,133,136
UOaPxUeJA3I,YW_WILTY_EP70_truth5,138,142
UOaPxUeJA3I,YW_WILTY_EP70_truth6,163,168
UOaPxUeJA3I,YW_WILTY_EP70_truth7,220,223
UOaPxUeJA3I,YW_WILTY_EP70_truth8,259,263
UOaPxUeJA3I,YW_WILTY_EP70_truth9,271,274
UOaPxUeJA3I,YW_WILTY_EP70_truth10,401,405
UOaPxUeJA3I,YW_WILTY_EP70_truth11,414,420
UOaPxUeJA3I,YW_WILTY_EP70_truth12,636,641
UOaPxUeJA3I,YW_WILTY_EP70_truth13,682,686
UOaPxUeJA3I,YW_WILTY_EP70_truth14,758,764
UOaPxUeJA3I,YW_WILTY_EP70_truth15,937,940
UOaPxUeJA3I,YW_WILTY_EP70_truth16,1010,1016
UOaPxUeJA3I,YW_WILTY_EP70_lie17,1090,1094
UOaPxUeJA3I,YW_WILTY_EP70_lie18,1129,1134
UOaPxUeJA3I,YW_WILTY_EP70_lie19,1183,1187
UOaPxUeJA3I,YW_WILTY_EP70_lie20,1195,1199
UOaPxUeJA3I,YW_WILTY_EP70_lie21,1278,1281
